"BVMF3.SA.Open","BVMF3.SA.High","BVMF3.SA.Low","BVMF3.SA.Close","BVMF3.SA.Volume","BVMF3.SA.Adjusted","Day"
11.9,12.1,11.8,12.07,5065,9.231656,2011-05-09
NA,NA,NA,NA,NA,NA,2011-05-10
12.07,12.1,11.75,11.8,14752500,9.025148,2011-05-11
11.7,11.86,11.61,11.7,7371700,8.948664,2011-05-12
11.63,11.65,11.33,11.54,12827000,8.826286,2011-05-13
NA,NA,NA,NA,NA,NA,2011-05-16
11.51,11.61,11.34,11.37,12759000,8.696265,2011-05-17
11.36,11.39,11.09,11.1,12433000,8.489758,2011-05-18
11.17,11.33,11.01,11.01,8425400,8.420923,2011-05-19
11.05,11.24,11.01,11.02,12932900,8.42857,2011-05-20
11,11.11,10.97,11,7299800,8.413271,2011-05-23
11.05,11.19,11.01,11.03,10408000,8.436217,2011-05-24
11.04,11.17,11.01,11.12,9056100,8.505054,2011-05-25
11.18,11.18,11,11.06,13271500,8.459167,2011-05-26
11.1,11.19,11.07,11.19,5460600,8.558594,2011-05-27
11.24,11.29,11.14,11.14,2805500,8.520351,2011-05-30
11.23,11.33,11.04,11.32,6719800,8.658023,2011-05-31
11.27,11.64,11.03,11.05,17895300,8.451519,2011-06-01
11.09,11.24,11.07,11.2,8260900,8.566245,2011-06-02
11.14,11.38,11.11,11.32,9449400,8.658023,2011-06-03
11.32,11.37,11.12,11.12,7291400,8.505054,2011-06-06
11.2,11.22,11,11.05,9501900,8.451519,2011-06-07
10.91,11.14,10.9,11.14,11208100,8.520351,2011-06-08
11.09,11.46,11.06,11.4,13909800,8.719211,2011-06-09
11.39,11.4,11.2,11.3,7928800,8.642726,2011-06-10
11.34,11.45,11.12,11.18,6666900,8.550942,2011-06-13
11.26,11.31,11,11.13,12925800,8.512705,2011-06-14
11.01,11.11,10.68,10.68,23731900,8.168525,2011-06-15
10.72,10.85,10.36,10.48,13851400,8.015553,2011-06-16
10.6,10.9,10.52,10.9,9849800,8.336789,2011-06-17
10.82,11.02,10.56,10.56,18711000,8.076743,2011-06-20
10.64,10.72,10.53,10.59,7730600,8.099688,2011-06-21
10.5,10.61,10.33,10.43,12540200,8.003046,2011-06-22
10.48,10.55,10.31,10.33,7028800,7.926317,2011-06-24
10.39,10.45,10.22,10.22,9185400,7.841914,2011-06-27
10.25,10.63,10.23,10.62,13271900,8.14884,2011-06-28
10.64,10.68,10.38,10.47,10563200,8.033741,2011-06-29
10.5,10.52,10.26,10.33,17770800,7.926317,2011-06-30
10.32,10.87,10.24,10.87,19269000,8.340665,2011-07-01
10.8,10.95,10.74,10.8,3622700,8.286953,2011-07-04
10.75,10.79,10.52,10.55,9205200,8.095125,2011-07-05
10.52,10.52,10.36,10.47,10055200,8.033741,2011-07-06
10.66,10.71,10.51,10.62,11119100,8.14884,2011-07-07
10.53,10.61,10.4,10.46,6126400,8.026067,2011-07-08
10.3,10.38,10.06,10.12,10520500,7.765181,2011-07-11
10.07,10.17,9.79,9.79,10372200,7.511972,2011-07-12
9.93,10.1,9.89,10,16797800,7.673103,2011-07-13
10,10.05,9.63,9.65,9845200,7.404546,2011-07-14
9.72,9.81,9.5,9.77,12087900,7.496625,2011-07-15
9.7,9.85,9.45,9.54,9849800,7.320141,2011-07-18
9.64,9.69,9.47,9.51,8983400,7.297122,2011-07-19
9.55,9.79,9.53,9.63,8578900,7.389199,2011-07-20
9.7,10.03,9.64,9.97,8924500,7.650084,2011-07-21
10.02,10.04,9.82,9.85,7828200,7.558006,2011-07-22
9.85,9.92,9.46,9.87,3456,7.573353,2011-07-25
9.82,9.86,9.48,9.55,11643700,7.327813,2011-07-26
9.28,9.3,8.98,9.03,26583800,6.928813,2011-07-27
9.03,9.13,8.8,8.89,19637400,6.821388,2011-07-28
8.83,9.15,8.71,9.04,4531,6.936486,2011-07-29
9.26,9.32,8.92,8.96,13695900,6.875101,2011-08-01
8.96,9.03,8.55,8.71,13362300,6.683275,2011-08-02
8.65,8.91,8.37,8.37,13755800,6.422389,2011-08-03
8.25,8.28,7.56,7.8,25946500,5.985022,2011-08-04
7.85,8.33,7.5,8.26,31141500,6.337984,2011-08-05
7.93,8.06,7.55,7.95,31130600,6.100118,2011-08-08
8.25,8.67,8,8.4,46896000,6.445407,2011-08-09
8.29,8.99,8.29,8.75,40694700,6.713966,2011-08-10
8.93,9.07,8.7,9.01,36826700,6.913466,2011-08-11
9.07,9.3,8.97,9.05,15747600,6.944158,2011-08-12
9.1,9.25,8.93,8.97,18021400,6.882773,2011-08-15
8.81,9,8.75,9,16617500,6.905795,2011-08-16
9.02,9.25,8.95,9.25,18744400,7.097622,2011-08-17
8.94,9,8.72,8.89,19790400,6.821388,2011-08-18
8.7,8.95,8.69,8.71,12717100,6.683275,2011-08-19
8.9,8.93,8.69,8.86,17632600,6.798371,2011-08-22
8.82,9.03,8.63,8.95,13267000,6.867428,2011-08-23
8.95,9.12,8.88,9.11,13074200,6.990197,2011-08-24
9.04,9.09,8.72,8.75,16643300,6.713966,2011-08-25
8.68,8.84,8.49,8.75,16865900,6.713966,2011-08-26
8.72,9.02,8.66,9.02,15035900,7.018794,2011-08-29
8.9,9.23,8.88,9.07,14662600,7.0577,2011-08-30
9.2,9.52,9.16,9.33,21162400,7.260017,2011-08-31
9.9,10.21,9.72,10.1,55717600,7.85918,2011-09-01
9.95,10.04,9.65,9.7,24069000,7.547927,2011-09-02
9.55,9.61,9.33,9.38,10500300,7.298923,2011-09-05
9.27,9.39,9.22,9.32,16557400,7.252235,2011-09-06
9.55,9.78,9.47,9.67,17566400,7.524581,2011-09-08
9.6,9.6,9.06,9.21,16660600,7.16664,2011-09-09
9,9.14,8.91,9,15652900,7.003231,2011-09-12
9.11,9.14,8.81,8.93,10563200,6.948761,2011-09-13
8.99,9.24,8.81,9.13,10859100,7.104387,2011-09-14
9.25,9.33,9.03,9.16,8080300,7.127731,2011-09-15
9.07,9.35,9,9.35,12295500,7.275579,2011-09-16
9.12,9.38,9.04,9.27,12532900,7.213327,2011-09-19
9.33,9.54,9.28,9.36,14748800,7.283357,2011-09-20
9.45,9.71,9.32,9.37,11102100,7.291141,2011-09-21
9.05,9.16,8.71,8.79,12330100,6.839822,2011-09-22
8.8,9.38,8.77,9.21,20141800,7.16664,2011-09-23
9.37,9.38,8.94,9.25,16596100,7.197767,2011-09-26
9.37,9.57,9.1,9.1,17073100,7.081045,2011-09-27
9.15,9.24,8.8,8.87,14387200,6.902073,2011-09-28
8.98,9.03,8.76,8.85,15367500,6.88651,2011-09-29
8.71,8.86,8.61,8.79,15425700,6.839822,2011-09-30
8.7,8.95,8.6,8.6,16627900,6.691977,2011-10-03
8.5,8.65,8.33,8.65,14506500,6.730884,2011-10-04
8.65,8.85,8.61,8.8,12960400,6.847604,2011-10-05
9.06,9.41,8.97,9.27,28346300,7.213327,2011-10-06
9.44,9.48,9,9.23,11052100,7.182202,2011-10-07
9.27,9.53,9.27,9.53,8828800,7.415642,2011-10-10
9.49,9.89,9.45,9.87,12468800,7.680208,2011-10-11
9.96,10,9.71,9.9,23623800,7.703555,2011-10-13
9.94,9.97,9.72,9.86,13091100,7.67243,2011-10-14
9.71,9.79,9.57,9.73,12267100,7.571271,2011-10-17
9.71,9.79,9.57,9.73,12267100,7.571271,2011-10-18
9.93,9.97,9.71,9.87,6886100,7.680208,2011-10-19
9.84,9.84,9.57,9.59,9321200,7.46233,2011-10-20
9.68,9.98,9.67,9.87,10270500,7.680208,2011-10-21
NA,NA,NA,NA,NA,NA,2011-10-24
NA,NA,NA,NA,NA,NA,2011-10-25
NA,NA,NA,NA,NA,NA,2011-10-26
NA,NA,NA,NA,NA,NA,2011-10-27
10.35,10.46,10.25,10.39,15381900,8.084842,2011-10-28
10.34,10.49,10.22,10.47,5593700,8.147094,2011-10-31
9.82,10.1,9.82,10.08,10443000,7.84362,2011-11-01
10.21,10.26,9.93,10.08,12541900,7.84362,2011-11-03
10.04,10.14,9.96,10.08,5338600,7.84362,2011-11-04
10.13,10.33,10.09,10.19,5967000,7.929214,2011-11-07
10.17,10.34,10.11,10.25,8019300,7.975904,2011-11-08
10.15,10.51,10.13,10.33,14149900,8.038153,2011-11-09
NA,NA,NA,NA,NA,NA,2011-11-10
10.19,10.43,10.17,10.35,7831900,8.053717,2011-11-11
10.26,10.36,10.13,10.24,6140100,7.968122,2011-11-14
10.17,10.48,10.17,10.48,9999400,8.154875,2011-11-16
10.55,10.8,10.5,10.71,21167700,8.333844,2011-11-17
10.65,10.7,10.5,10.58,8638500,8.326873,2011-11-18
10.2,10.27,10.01,10.11,19596700,7.956961,2011-11-21
10.13,10.23,9.87,9.9,11022800,7.791685,2011-11-22
9.8,9.82,9.53,9.61,12819100,7.563441,2011-11-23
9.66,9.74,9.52,9.59,4942500,7.547702,2011-11-24
9.53,9.64,9.46,9.47,11409300,7.453257,2011-11-25
9.56,9.62,9.36,9.45,13357800,7.437517,2011-11-28
9.48,9.7,9.26,9.5,30053600,7.476868,2011-11-29
9.79,9.95,9.7,9.88,19922300,7.775945,2011-11-30
10.6,10.75,10.25,10.54,42493100,8.295388,2011-12-01
10.72,10.79,10.5,10.55,18918800,8.303258,2011-12-02
10.73,10.82,10.6,10.61,10239900,8.350483,2011-12-05
10.53,10.6,10.33,10.47,12138400,8.240294,2011-12-06
10.43,10.43,10.15,10.2,12403100,8.027798,2011-12-07
10.26,10.32,9.91,9.91,14390300,7.799552,2011-12-08
10,10.28,9.98,10.1,13299100,7.949093,2011-12-09
NA,NA,NA,NA,NA,NA,2011-12-12
10,10.18,9.93,9.97,11158300,7.846776,2011-12-13
9.97,10.02,9.78,9.9,18505200,7.791685,2011-12-14
10,10.24,9.95,10,22129100,7.870389,2011-12-15
10.14,10.16,9.9,9.9,10467100,7.791685,2011-12-16
9.93,10.05,9.76,9.76,11059600,7.681499,2011-12-19
9.87,10.06,9.81,10.04,8380400,7.901872,2011-12-20
10,10.04,9.87,10.01,5061200,7.878259,2011-12-21
10.06,10.15,10.04,10.12,5994500,7.964833,2011-12-22
10.14,10.21,10.05,10.11,5394100,7.956961,2011-12-23
10.11,10.15,10.08,10.09,1168000,7.941221,2011-12-26
10.07,10.18,10.07,10.12,3651000,7.964833,2011-12-27
10.11,10.14,9.85,9.85,5415800,7.752333,2011-12-28
9.95,9.97,9.61,9.8,8992200,7.712983,2011-12-29
9.8,9.86,9.65,9.75,7102200,7.673628,2012-01-02
9.85,9.94,9.76,9.92,10571100,7.807425,2012-01-03
9.85,10.14,9.81,10.1,12176500,7.949093,2012-01-04
10.01,10.17,9.88,9.99,10474800,7.862518,2012-01-05
10.01,10.14,9.93,10.14,8992700,7.980577,2012-01-06
10.15,10.31,10.1,10.3,9344700,8.106501,2012-01-09
10.4,10.61,10.4,10.51,16119200,8.271778,2012-01-10
10.49,10.61,10.36,10.41,19507200,8.193072,2012-01-11
10.49,10.5,10.14,10.21,14347700,8.035666,2012-01-12
10.19,10.19,10.05,10.11,14281000,7.956961,2012-01-13
10.12,10.23,10.06,10.11,9610500,7.956961,2012-01-16
NA,NA,NA,NA,NA,NA,2012-01-17
10.17,10.4,10.14,10.4,14304400,8.185203,2012-01-18
10.38,10.48,10.31,10.35,10097100,8.14585,2012-01-19
10.32,10.4,10.25,10.4,7736300,8.185203,2012-01-20
10.38,10.55,10.25,10.42,9539700,8.200944,2012-01-23
10.33,10.49,10.31,10.41,7007300,8.193072,2012-01-24
10.41,10.87,10.41,10.69,16409900,8.413445,2012-01-26
10.7,10.94,10.7,10.89,7760100,8.570852,2012-01-27
10.78,10.98,10.75,10.98,11833300,8.641685,2012-01-30
10.99,11.14,10.91,10.99,18004700,8.649555,2012-01-31
11.08,11.54,10.97,11.54,17834100,9.08243,2012-02-01
11.5,11.74,11.41,11.68,12948900,9.192615,2012-02-02
11.56,12,11.56,11.84,14404200,9.318539,2012-02-03
11.79,11.9,11.73,11.84,11480800,9.318539,2012-02-06
11.79,11.97,11.75,11.91,12741700,9.373633,2012-02-07
11.93,12.09,11.91,12.08,15769900,9.507429,2012-02-08
12,12.14,11.71,11.89,15548800,9.357893,2012-02-09
11.63,11.73,11.58,11.6,16923300,9.129649,2012-02-10
11.79,12.18,11.76,12.17,14104800,9.578263,2012-02-13
12.21,12.6,12.07,12.31,17918700,9.688449,2012-02-14
12.45,12.6,11.98,12.04,19179300,9.475948,2012-02-15
11.97,11.97,11.71,11.76,21596100,9.255577,2012-02-16
11.8,11.84,11.59,11.76,9215500,9.255577,2012-02-17
11.76,11.82,11.61,11.66,10276000,9.176873,2012-02-23
11.67,11.75,11.63,11.72,10536200,9.224093,2012-02-24
11.64,11.73,11.5,11.65,14608300,9.169,2012-02-27
11.62,11.95,11.62,11.9,10846700,9.365761,2012-02-28
11.97,12.09,11.49,11.49,17415200,9.043077,2012-02-29
11.66,11.83,11.62,11.7,10280700,9.208353,2012-03-01
11.8,12.03,11.72,12.03,9169600,9.468077,2012-03-02
11.98,12.08,11.9,12,9211300,9.444466,2012-03-05
11.86,11.86,11.6,11.7,12842100,9.208353,2012-03-06
11.81,12.05,11.79,12.05,15228600,9.483818,2012-03-07
12.22,12.39,12.21,12.29,14700900,9.672707,2012-03-08
12.32,12.57,12.25,12.51,12558800,9.845857,2012-03-09
12.4,12.52,12.32,12.5,9867200,9.837983,2012-03-12
12.51,12.65,12.41,12.65,17281800,9.956042,2012-03-13
12.62,12.65,12.32,12.5,9225100,9.837983,2012-03-14
12.39,12.48,12.24,12.24,9353300,9.633353,2012-03-15
12.26,12.33,12.12,12.16,12086000,9.570393,2012-03-16
12.19,12.32,12.14,12.22,9038800,9.617614,2012-03-19
12.14,12.16,11.89,11.97,11195200,9.420856,2012-03-20
11.99,12.09,11.87,11.89,6203200,9.357893,2012-03-21
11.99,12.09,11.87,11.89,6203200,9.357893,2012-03-22
11.87,12.02,11.76,11.84,10924000,9.318539,2012-03-23
11.9,12.08,11.82,12,7124300,9.444466,2012-03-26
12,12.19,11.9,12,8732500,9.444466,2012-03-27
11.65,11.74,11.55,11.69,17226300,9.200482,2012-03-28
11.55,11.62,11.32,11.34,15793200,8.925021,2012-03-29
11.4,11.47,11.11,11.24,10996900,8.938872,2012-03-30
11.2,11.81,11.2,11.66,14850600,9.27289,2012-04-02
11.62,11.73,11.5,11.61,8558400,9.233125,2012-04-03
11.5,11.55,11.29,11.35,11406400,9.026355,2012-04-04
11.34,11.4,11.05,11.2,7869200,8.907063,2012-04-05
11.2,11.41,10.97,11.39,8606200,9.058166,2012-04-09
11.3,11.35,11.02,11.13,11121900,8.851394,2012-04-10
11.21,11.26,10.71,10.75,16804100,8.54919,2012-04-11
10.88,11.24,10.77,11.14,12345400,8.859346,2012-04-12
11.08,11.19,10.73,10.8,10829100,8.588953,2012-04-13
10.9,10.99,10.8,10.94,7762300,8.700291,2012-04-16
11.02,11.19,10.96,11.07,7034000,8.803678,2012-04-17
11.09,11.34,11.04,11.16,14699600,8.875252,2012-04-18
11.12,11.26,11.06,11.26,8220100,8.954779,2012-04-19
11.3,11.35,11.11,11.11,6417200,8.835487,2012-04-20
10.97,11,10.67,10.7,9957600,8.509427,2012-04-23
10.7,10.8,10.61,10.77,7723500,8.565096,2012-04-24
10.9,11,10.75,10.85,9632200,8.628718,2012-04-25
10.81,10.94,10.67,10.91,11281200,8.676437,2012-04-26
10.98,10.98,10.67,10.71,7651600,8.517379,2012-04-27
10.75,10.84,10.62,10.72,5262400,8.525334,2012-04-30
10.72,10.84,10.62,10.72,5262400,8.525334,2012-05-02
10.98,11.06,10.7,11,9992100,8.748007,2012-05-03
10.94,11.04,10.55,10.65,10348900,8.469664,2012-05-04
10.54,10.82,10.54,10.8,9117300,8.588953,2012-05-07
10.67,10.8,10.47,10.6,10016600,8.429899,2012-05-08
10.45,10.54,10.12,10.18,16039800,8.095884,2012-05-09
10.25,10.38,10.02,10.13,9565300,8.056118,2012-05-10
10.05,10.37,10.05,10.25,9259800,8.151553,2012-05-11
10.19,10.21,9.81,9.81,10192100,7.801633,2012-05-14
9.76,9.98,9.55,9.78,11219600,7.870975,2012-05-15
9.89,9.96,9.25,9.36,16778600,7.532959,2012-05-16
9.36,9.38,9.05,9.2,10738200,7.404189,2012-05-17
9.22,9.38,9.01,9.1,14976400,7.323711,2012-05-18
9.13,9.62,9.11,9.53,28462400,7.669775,2012-05-21
9.37,9.71,9.2,9.29,14405400,7.476621,2012-05-22
9.29,9.38,8.84,9.38,22955100,7.549056,2012-05-23
9.48,9.48,9.02,9.45,18399700,7.605389,2012-05-24
9.4,9.72,9.35,9.51,10654400,7.653678,2012-05-25
9.6,9.72,9.5,9.57,4512700,7.701967,2012-05-28
9.53,9.87,9.51,9.75,12561700,7.846832,2012-05-29
9.58,9.81,9.41,9.6,11953500,7.72611,2012-05-30
9.54,9.88,9.5,9.55,21781200,7.685871,2012-05-31
9.36,9.57,9.35,9.43,11431500,7.589296,2012-06-01
9.4,9.68,9.37,9.55,8207900,7.685871,2012-06-04
9.53,9.79,9.51,9.52,8587200,7.661727,2012-06-05
9.6,10.1,9.42,10,14258100,8.048032,2012-06-06
10,10.29,9.8,10.29,12700500,8.281425,2012-06-08
10.24,10.42,9.94,9.98,10456800,8.031934,2012-06-11
10.05,10.38,9.92,10.38,18444900,8.353857,2012-06-12
10.26,10.92,10.25,10.71,26457500,8.619442,2012-06-13
10.74,11.17,10.55,10.93,21589500,8.796498,2012-06-14
10.93,11,10.68,10.74,16959400,8.643585,2012-06-15
10.64,10.68,10.27,10.41,16908400,8.378001,2012-06-18
10.44,10.48,10.07,10.2,20437400,8.20899,2012-06-19
10.2,10.33,10.1,10.2,13457700,8.20899,2012-06-20
10.19,10.2,9.65,9.65,20359800,7.766352,2012-06-21
9.68,10,9.6,9.99,13427200,8.039983,2012-06-22
9.89,10.12,9.73,9.75,7348200,7.846832,2012-06-25
9.85,10.03,9.63,9.95,11093600,8.007792,2012-06-26
10,10.28,9.85,9.9,8137000,7.967551,2012-06-27
9.9,10.06,9.8,10.02,9400000,8.064129,2012-06-28
10.26,10.34,10.06,10.25,10691900,8.249232,2012-06-29
10.29,10.6,10.24,10.59,8988200,8.522868,2012-07-02
10.69,11.15,10.61,11.05,20369500,8.893075,2012-07-03
11,11.3,10.93,11.22,7235900,9.029893,2012-07-04
11.28,11.62,11.17,11.41,12207700,9.182803,2012-07-05
11.3,11.3,10.91,11.09,12665500,8.925268,2012-07-06
11.09,11.3,11,11,11340700,8.852836,2012-07-10
11.12,11.23,10.81,11.03,9246300,8.87698,2012-07-11
10.85,11.22,10.81,11.11,13591600,8.941363,2012-07-12
11.21,11.33,11.04,11.29,6580700,9.086228,2012-07-13
11.24,11.28,10.92,10.95,11927400,8.812593,2012-07-16
11.04,11.15,10.9,11.1,12373000,8.933318,2012-07-17
11.1,11.25,11.02,11.19,6334700,9.005749,2012-07-18
11.16,11.47,11.16,11.41,8307200,9.182803,2012-07-19
11.17,11.2,10.84,10.85,16229700,8.732114,2012-07-20
10.7,10.71,10.4,10.56,9620600,8.498721,2012-07-23
10.55,10.82,10.46,10.74,7915500,8.643585,2012-07-24
10.85,10.94,10.71,10.8,6236800,8.691875,2012-07-25
10.93,11.33,10.9,11.3,12141800,9.094276,2012-07-26
11.44,12.19,11.35,11.89,17569500,9.569112,2012-07-27
11.78,11.89,11.65,11.82,8170300,9.512773,2012-07-30
11.75,11.88,11.4,11.5,8815200,9.255237,2012-07-31
11.57,11.78,11.37,11.66,7432100,9.384006,2012-08-01
11.55,11.7,11.27,11.34,7851700,9.126469,2012-08-02
11.66,11.96,11.55,11.96,12956500,9.625445,2012-08-03
11.94,12.28,11.85,12,9294900,9.65764,2012-08-06
12.15,12.25,11.74,11.79,9547900,9.488631,2012-08-07
11.95,12.09,11.65,11.78,12862400,9.480581,2012-08-08
11.77,11.88,11.55,11.85,12575200,9.536921,2012-08-09
11.77,11.88,11.55,11.85,12575200,9.63808,2012-08-10
11.77,11.85,11.61,11.75,5776700,9.556746,2012-08-13
11.75,11.8,11.5,11.54,7556600,9.385948,2012-08-14
11.54,11.83,11.54,11.75,16574900,9.556746,2012-08-15
11.85,11.98,11.68,11.9,11518200,9.678744,2012-08-16
12.03,12.1,11.84,11.92,7606200,9.695012,2012-08-17
12,12.12,11.93,12.05,7768900,9.800747,2012-08-20
12.14,12.23,11.95,11.96,9618400,9.727546,2012-08-21
12.01,12.08,11.66,11.88,10852700,9.662479,2012-08-22
11.75,11.8,11.52,11.63,6723200,9.459145,2012-08-23
11.59,11.97,11.56,11.76,7127200,9.564881,2012-08-24
11.68,11.8,11.58,11.76,7954600,9.564881,2012-08-27
11.67,11.92,11.52,11.52,10410100,9.369677,2012-08-28
11.56,11.61,11,11.13,20492600,9.052475,2012-08-29
11.04,11.23,10.93,10.95,16162400,8.906072,2012-08-30
11.11,11.2,10.69,10.69,15521400,8.694605,2012-08-31
10.88,11.27,10.69,11.19,10125100,9.101276,2012-09-03
11.06,11.35,10.93,11.18,8505100,9.093143,2012-09-04
11.28,11.46,10.69,11.35,11597200,9.231412,2012-09-05
11.4,11.76,11.38,11.72,12987900,9.532346,2012-09-06
11.72,11.85,11.48,11.58,15053100,9.418478,2012-09-10
11.5,11.62,11.46,11.62,13271000,9.45101,2012-09-11
11.69,11.7,11.55,11.6,9976700,9.434746,2012-09-12
11.6,12.2,11.55,12.08,31213700,9.825149,2012-09-13
12.15,12.73,12.13,12.55,31900400,10.207417,2012-09-14
12.55,12.88,12.52,12.7,19887100,10.329419,2012-09-17
12.94,13.08,12.8,12.93,17256900,10.516487,2012-09-18
13,13.1,12.64,12.8,13178800,10.410755,2012-09-19
12.67,12.76,12.37,12.71,10651900,10.337553,2012-09-20
12.6,12.9,12.6,12.6,11080200,10.248084,2012-09-21
12.55,13.07,12.5,13.07,13206200,10.630354,2012-09-24
12.93,13.24,12.8,12.81,14591100,10.418884,2012-09-25
12.71,12.79,12.47,12.71,12659300,10.337553,2012-09-26
12.71,12.8,12.37,12.55,10954700,10.207417,2012-09-27
12.37,12.54,12.19,12.25,21475900,9.963418,2012-09-28
12.1,12.4,12,12.26,13962100,9.971548,2012-10-01
12.3,12.5,12.19,12.27,18460100,9.979682,2012-10-02
12.33,12.37,12.13,12.3,14181500,10.004083,2012-10-03
12.3,12.44,12.18,12.31,16516700,10.012217,2012-10-04
12.4,12.68,12.37,12.4,14249100,10.085417,2012-10-05
12.39,12.76,12.21,12.74,10465500,10.361953,2012-10-08
12.71,12.78,12.43,12.53,6870200,10.191151,2012-10-09
12.56,12.6,12.22,12.4,9562500,10.085417,2012-10-10
12.5,12.9,12.47,12.88,9522200,10.47582,2012-10-11
12.88,13.05,12.75,12.92,9874800,10.508352,2012-10-15
12.92,13.5,12.91,13.5,16728400,10.980091,2012-10-16
13.5,13.69,13.33,13.45,20011500,10.939425,2012-10-17
13.39,13.44,13.26,13.39,9886100,10.890624,2012-10-18
13.35,13.44,13.22,13.26,7900200,10.78489,2012-10-19
13.21,13.55,13.2,13.41,9677100,10.906888,2012-10-22
13.33,13.35,12.93,13,9856600,10.573421,2012-10-23
13.1,13.1,12.75,12.84,6530300,10.443287,2012-10-24
13,13.22,12.9,13.19,8883900,10.727956,2012-10-25
13.1,13.39,13.07,13.28,6515300,10.801158,2012-10-26
13.19,13.24,13.03,13.18,2950000,10.719823,2012-10-29
13.19,13.39,13.17,13.22,4859800,10.752356,2012-10-30
13.34,13.35,13,13,6011000,10.573421,2012-10-31
13.09,13.5,12.95,13.5,7012700,10.980091,2012-11-01
13.5,13.55,13.03,13.2,18738400,10.736089,2012-11-05
13.2,13.92,13.2,13.82,23238500,11.24036,2012-11-06
13.71,13.78,13.54,13.72,8341300,11.159025,2012-11-07
13.8,13.93,13.24,13.32,12015800,10.83369,2012-11-08
13.35,13.45,13.13,13.25,12470800,10.776756,2012-11-09
13.38,13.38,13.09,13.17,5882300,10.711688,2012-11-12
13.1,13.22,12.91,13.06,11195700,10.622219,2012-11-13
13.06,13.06,12.68,12.81,8948200,10.418884,2012-11-14
13.06,13.06,12.56,12.7,17134500,10.329419,2012-11-16
12.76,12.98,12.76,12.83,7505500,10.435154,2012-11-19
12.83,12.94,12.32,12.42,11895700,10.101684,2012-11-21
12.55,12.67,12.3,12.5,5197300,10.222664,2012-11-22
12.51,12.6,12.32,12.57,7086500,10.27991,2012-11-23
12.5,12.64,12.39,12.58,6414800,10.288088,2012-11-26
12.57,12.76,12.4,12.5,6735700,10.222664,2012-11-27
12.4,12.79,12.32,12.71,12812600,10.394405,2012-11-28
12.75,12.92,12.59,12.91,5991000,10.557966,2012-11-29
12.95,13,12.65,12.84,13407400,10.50072,2012-11-30
12.85,13.16,12.83,13.15,6554400,10.75424,2012-12-03
13.15,13.22,12.86,12.9,9437300,10.549789,2012-12-04
13.1,13.1,12.74,12.75,12635700,10.427115,2012-12-05
12.84,12.84,12.52,12.61,8847900,10.312621,2012-12-06
12.62,13.09,12.56,13.04,9078100,10.664283,2012-12-07
12.98,13.36,12.95,13.36,7556800,10.925982,2012-12-10
13.41,13.8,13.28,13.8,13074100,11.285822,2012-12-11
13.9,13.95,13.52,13.69,13342700,11.195862,2012-12-12
13.58,13.75,13.52,13.7,7426600,11.204041,2012-12-13
13.72,14,13.66,13.75,9621800,11.24493,2012-12-14
13.74,13.9,13.25,13.44,16252400,10.991407,2012-12-17
13.55,13.87,13.32,13.86,7978100,11.334888,2012-12-18
13.87,14.44,13.87,14.3,18334300,11.694726,2012-12-19
14.17,14.37,13.73,13.97,18695300,11.424849,2012-12-20
13.75,13.96,13.71,13.78,5824400,11.269464,2012-12-21
13.78,14.1,13.76,14.01,12088100,11.457562,2012-12-26
14.05,14.11,13.75,13.78,10884900,11.269464,2012-12-27
13.9,14.19,13.82,14,9462500,11.449381,2012-12-28
14,14.31,14,14.11,11064300,11.539343,2013-01-02
14.15,14.17,13.97,14.11,8380900,11.539343,2013-01-03
14.01,14.12,13.73,13.85,13990200,11.326714,2013-01-04
13.81,13.85,13.67,13.78,7149400,11.269464,2013-01-07
13.65,14.02,13.65,13.9,12690100,11.367601,2013-01-08
14.04,14.05,13.86,14,8322500,11.449381,2013-01-09
14.07,14.09,13.8,13.99,14016100,11.441205,2013-01-10
14.04,14.04,13.82,14,7115000,11.449381,2013-01-11
14,14.02,13.85,13.89,8570400,11.359426,2013-01-14
14,14.02,13.52,13.55,12216300,11.081367,2013-01-15
13.47,13.52,13.12,13.4,11673100,10.958694,2013-01-16
13.42,13.84,13.41,13.8,13039100,11.285822,2013-01-17
13.85,13.95,13.73,13.92,7968800,11.383958,2013-01-18
13.82,14,13.82,13.99,8364700,11.441205,2013-01-21
13.93,14,13.76,13.99,8364700,11.441205,2013-01-22
13.94,13.98,13.83,13.91,21616600,11.37578,2013-01-23
13.91,13.94,13.52,13.64,7302500,11.15497,2013-01-24
13.64,13.7,13.49,13.56,6422800,11.089543,2013-01-28
13.5,13.94,13.5,13.92,7386800,11.383958,2013-01-29
13.81,13.93,13.71,13.72,44090300,11.220394,2013-01-30
13.8,13.98,13.64,13.94,11301300,11.400313,2013-01-31
13.94,14.34,13.92,14.33,13697900,11.719263,2013-02-01
14.17,14.25,13.9,14.05,11029100,11.490275,2013-02-04
14.1,14.35,14.06,14.35,10447700,11.735618,2013-02-05
14.32,14.32,13.82,13.88,11220700,11.351245,2013-02-06
13.85,14.04,13.45,13.65,12350500,11.163149,2013-02-07
13.56,13.69,13.42,13.44,9285100,10.991407,2013-02-08
13.44,13.77,13.44,13.65,7652400,11.163149,2013-02-13
13.64,13.64,13.35,13.48,5011900,11.024119,2013-02-14
13.48,14.01,13.35,13.9,11456700,11.367601,2013-02-15
13.8,13.94,13.65,13.75,10624000,11.24493,2013-02-18
13.76,13.94,13.45,13.53,8855800,11.065011,2013-02-19
13.5,13.5,12.9,13.15,24872300,10.75424,2013-02-20
13.07,13.31,12.82,12.95,19916700,10.59068,2013-02-21
13.03,13.19,12.8,13.19,14442600,10.786953,2013-02-22
13.2,13.48,13.07,13.23,7224100,10.819668,2013-02-25
13.19,13.47,13.13,13.27,7109400,10.852378,2013-02-26
13.25,13.45,13.06,13.3,6877800,10.876914,2013-02-27
13.23,13.57,13.2,13.41,6349200,10.966874,2013-02-28
13.26,13.26,12.96,13.16,8290800,10.76242,2013-03-01
13.13,13.18,12.82,13.18,12411100,10.778777,2013-03-04
13.45,13.77,13.15,13.36,17812300,10.925982,2013-03-05
13.41,14.05,13.4,14.01,10246000,11.457562,2013-03-06
14.08,14.1,13.65,13.8,11789900,11.285822,2013-03-07
13.7,14.07,13.7,14.01,6686600,11.457562,2013-03-08
13.9,14.11,13.9,14.1,5680900,11.531163,2013-03-11
14.01,14.05,13.75,13.83,8441400,11.310355,2013-03-12
13.85,13.92,13.42,13.55,10866700,11.081367,2013-03-13
13.7,13.75,13.5,13.67,10611100,11.179504,2013-03-14
13.69,14,13.69,13.73,10345900,11.228573,2013-03-15
13.56,13.69,13.52,13.57,6352800,11.097725,2013-03-18
13.56,13.77,13.52,13.69,5606800,11.195862,2013-03-19
13.7,13.84,13.35,13.46,7172900,11.007764,2013-03-20
13.46,13.48,13.07,13.09,12582100,10.705173,2013-03-21
13.15,13.34,13,13.18,7006900,10.778777,2013-03-22
13.12,13.31,13,13.22,6305200,10.811489,2013-03-25
13.28,13.52,13.26,13.36,6047300,10.925982,2013-03-26
13.38,13.55,13.19,13.49,4924400,11.032298,2013-03-27
13.47,13.67,13.47,13.64,5676700,11.15497,2013-03-28
13.49,13.81,13.49,13.73,4800200,11.228573,2013-04-01
13.62,13.81,13.36,13.41,7027400,10.966874,2013-04-02
13.4,13.76,13.27,13.74,7777300,11.236752,2013-04-03
13.7,13.79,13.56,13.68,27941600,11.187682,2013-04-04
13.61,13.9,13.35,13.71,7766600,11.212216,2013-04-05
13.61,13.78,13.36,13.5,14039700,11.040478,2013-04-08
13.6,13.64,13.35,13.46,14106500,11.007764,2013-04-09
13.5,13.97,13.49,13.89,11050100,11.359426,2013-04-10
13.83,13.9,13.57,13.61,7969200,11.130436,2013-04-11
13.55,13.61,13.18,13.2,8239400,10.79513,2013-04-12
13.06,13.49,13.03,13.1,16051900,10.713351,2013-04-15
13.2,13.35,13.1,13.25,7131100,10.836022,2013-04-16
13.2,13.38,12.88,12.81,15672100,10.476188,2013-04-17
12.91,13.05,12.73,12.94,7633700,10.751397,2013-04-18
13.02,13.31,12.96,13.2,6558100,10.967423,2013-04-19
13.16,13.4,13.16,13.35,7021400,11.092054,2013-04-22
13.35,13.55,13.33,13.55,5494900,11.258224,2013-04-23
13.43,13.68,13.3,13.32,23640500,11.067126,2013-04-24
13.43,13.71,13.23,13.65,9055300,11.341312,2013-04-25
NA,NA,NA,NA,NA,NA,2013-04-26
13.7,13.75,13.35,13.45,8851000,11.175141,2013-04-29
13.46,13.96,13.46,13.85,19898800,11.507486,2013-04-30
13.85,14.31,13.79,14.16,15654600,11.765055,2013-05-02
14.28,14.5,14.2,14.35,25372100,11.922919,2013-05-03
14.4,14.43,14.12,14.28,15183600,11.864758,2013-05-06
14.3,14.48,14.24,14.39,10270400,11.956155,2013-05-07
14.43,14.49,14.32,14.36,8124700,11.931229,2013-05-08
14.34,14.49,14.15,14.39,7348600,11.956155,2013-05-09
14.26,14.47,14.2,14.45,13281300,12.006004,2013-05-10
14.33,14.49,14.18,14.21,13371200,11.806599,2013-05-13
14.21,14.28,14.02,14.22,7825400,11.814908,2013-05-14
14.2,14.33,14.05,14.23,7186500,11.823215,2013-05-15
14.2,14.31,14.03,14.07,6903500,11.690277,2013-05-16
14.1,14.2,14.05,14.16,8909600,11.765055,2013-05-17
14.1,14.48,14.05,14.45,23185300,12.006004,2013-05-20
14.48,14.63,14.4,14.55,22069100,12.160364,2013-05-21
14.52,14.55,14.25,14.5,10944800,12.189484,2013-05-22
14.35,14.49,14.24,14.39,9633100,12.09701,2013-05-23
14.31,14.36,14.07,14.27,17050900,11.996134,2013-05-24
14.31,14.48,14.25,14.38,3860400,12.088606,2013-05-27
14.47,14.56,14.37,14.46,6850500,12.155856,2013-05-28
14.38,14.49,14.01,14.1,11464700,11.853223,2013-05-29
14.1,14.18,13.72,14.01,20812600,11.777563,2013-05-31
14,14.15,13.85,13.95,9214700,11.727125,2013-06-03
14.08,14.23,13.73,13.96,7946200,11.735528,2013-06-04
13.88,14.21,13.53,13.6,15561400,11.432898,2013-06-05
13.65,13.79,13.51,13.72,8021500,11.533774,2013-06-06
13.52,13.61,13.33,13.33,17061500,11.205918,2013-06-07
13.42,13.58,13.19,13.31,12705300,11.189107,2013-06-10
13.12,13.2,12.75,12.84,15263400,10.793998,2013-06-11
12.95,13.04,12.56,12.6,37468200,10.592243,2013-06-12
12.58,13.02,12.58,12.87,19440100,10.819218,2013-06-13
12.97,13,12.42,12.69,21600700,10.667899,2013-06-14
12.75,12.89,12.62,12.7,12054900,10.676306,2013-06-17
12.58,13.11,12.56,13.1,17682600,11.012568,2013-06-18
12.93,12.95,12.1,12.19,25267100,10.247572,2013-06-19
12.05,12.1,11.45,11.72,39977500,9.852465,2013-06-20
11.68,11.76,11.4,11.48,28147900,9.650709,2013-06-21
11.29,11.75,11.28,11.75,17082700,9.877687,2013-06-24
11.75,12.25,11.71,12.18,17840700,10.239168,2013-06-25
12.28,12.39,12.06,12.11,19361500,10.180322,2013-06-26
12.17,12.5,12.17,12.32,9409500,10.356859,2013-06-27
12.23,12.47,12.14,12.32,25651300,10.356859,2013-06-28
12.23,12.85,12.14,12.77,10719900,10.735153,2013-07-01
12.69,12.71,11.92,12.15,19596200,10.213945,2013-07-02
11.99,12.29,11.75,12.09,12507100,10.163507,2013-07-03
12.22,12.5,12.11,12.15,4883500,10.213945,2013-07-04
12.08,12.18,11.8,12.16,9360100,10.222353,2013-07-05
12.03,12.41,12.02,12.13,5522300,10.197134,2013-07-08
12.13,12.53,12.13,12.47,8082700,10.482956,2013-07-10
12.65,13.04,12.65,12.9,11546200,10.844436,2013-07-11
12.85,12.95,12.6,12.65,4944000,10.634274,2013-07-12
12.77,12.8,12.57,12.71,8351400,10.684712,2013-07-15
12.79,12.83,12.24,12.27,17510500,10.314826,2013-07-16
12.31,12.6,12.16,12.48,13095400,10.491362,2013-07-17
12.44,12.68,12.38,12.65,9501900,10.634274,2013-07-18
12.5,12.56,12.16,12.34,6441700,10.373671,2013-07-19
12.34,12.53,12.3,12.4,5256300,10.424109,2013-07-22
12.5,12.67,12.35,12.41,6586900,10.432516,2013-07-23
12.45,12.49,12.3,12.31,9647800,10.348451,2013-07-24
12.21,12.57,12.17,12.57,7588000,10.567021,2013-07-25
NA,NA,NA,NA,NA,NA,2013-07-26
12.75,12.76,12.31,12.43,9061700,10.44933,2013-07-29
12.52,12.58,12.04,12.08,11493800,10.155101,2013-07-30
11.9,12.42,11.9,12.3,16179400,10.340046,2013-07-31
12.47,12.54,12.26,12.48,9761000,10.491362,2013-08-01
12.54,12.54,12.11,12.15,9975600,10.213945,2013-08-02
12.15,12.28,11.8,11.9,9962100,10.003784,2013-08-05
11.98,11.99,11.46,11.56,15316700,9.717961,2013-08-06
11.5,11.75,11.18,11.62,18066900,9.7684,2013-08-07
11.65,12.17,11.5,12.1,9768600,10.171914,2013-08-08
12.24,12.28,11.67,11.69,21210300,9.827245,2013-08-09
11.76,12.01,11.58,11.83,19374600,9.944937,2013-08-12
11.93,12,11.75,11.85,10148000,9.961755,2013-08-13
11.85,11.86,11.39,11.56,22539200,9.717961,2013-08-14
11.4,11.57,11.17,11.5,18288100,9.667521,2013-08-15
11.42,11.7,11.35,11.7,11676900,9.835655,2013-08-16
11.6,11.75,11.26,11.32,14763400,9.516203,2013-08-19
11.32,11.56,11.2,11.28,13306500,9.482579,2013-08-20
11.22,11.56,11.22,11.41,13888200,9.591864,2013-08-21
11.59,11.64,11.23,11.4,13209200,9.708485,2013-08-22
11.45,11.98,11.38,11.97,15221400,10.193909,2013-08-23
11.89,11.97,11.68,11.9,9898000,10.134297,2013-08-26
11.69,11.69,11.25,11.29,16828400,9.614807,2013-08-27
11.35,11.56,11.13,11.52,12040400,9.810682,2013-08-28
11.5,11.67,11.37,11.58,9586100,9.861777,2013-08-29
11.5,11.75,11.37,11.73,14843000,9.989519,2013-08-30
11.84,12.05,11.7,11.77,12843100,10.023585,2013-09-02
11.8,11.96,11.68,11.9,15776600,10.134297,2013-09-03
11.86,12.15,11.85,12.02,11647000,10.236492,2013-09-04
12.08,12.23,11.82,12.23,8341900,10.415331,2013-09-05
12.32,12.55,12.25,12.55,12217700,10.687854,2013-09-06
12.55,12.78,12.41,12.75,13624400,10.858174,2013-09-09
12.74,12.79,12.57,12.57,10366400,10.704883,2013-09-10
12.62,12.65,12.44,12.63,7909300,10.75598,2013-09-11
12.57,12.65,12.29,12.36,6803200,10.526042,2013-09-12
12.39,12.72,12.25,12.7,5443300,10.815594,2013-09-13
12.74,12.9,12.71,12.8,8651600,10.900758,2013-09-16
12.83,12.86,12.64,12.86,6790700,10.951852,2013-09-17
12.8,13.36,12.75,13.35,16668300,11.369147,2013-09-18
13.26,13.32,12.86,12.99,15333300,11.062564,2013-09-19
13,13.01,12.65,12.67,9761100,10.790045,2013-09-20
13,13.01,12.5,12.83,10554300,10.926304,2013-09-23
13,13.01,12.5,12.81,8698800,10.909273,2013-09-24
12.73,12.94,12.69,12.9,6372400,10.985917,2013-09-25
12.9,12.98,12.58,12.65,9954600,10.773015,2013-09-26
12.7,12.81,12.53,12.55,9724800,10.687854,2013-09-27
12.7,12.81,12.16,12.38,14759100,10.543075,2013-09-30
12.57,12.82,12.39,12.8,6168200,10.900758,2013-10-01
12.66,12.79,12.52,12.52,6602700,10.662303,2013-10-02
12.58,12.6,12.26,12.45,7115400,10.602691,2013-10-03
12.49,12.79,12.44,12.65,5951000,10.773015,2013-10-04
12.6,12.73,12.53,12.65,3963800,10.773015,2013-10-07
12.65,12.65,12.35,12.63,6971900,10.75598,2013-10-08
12.65,12.68,12.42,12.59,4534900,10.721916,2013-10-09
12.63,12.75,12.44,12.49,6542200,10.636755,2013-10-10
12.45,12.63,12.41,12.57,5938700,10.704883,2013-10-11
12.57,12.77,12.47,12.68,5502600,10.798562,2013-10-14
12.69,12.76,12.55,12.6,9898800,10.730433,2013-10-15
12.67,13.07,12.63,12.88,11673600,10.968885,2013-10-16
12.81,12.98,12.71,12.8,10917000,10.900758,2013-10-17
12.86,13.04,12.84,13.04,6044600,11.105145,2013-10-18
13.01,13.2,12.95,12.95,8330100,11.028499,2013-10-21
12.99,13.13,12.96,13.06,4920600,11.122179,2013-10-22
12.99,13.05,12.85,12.9,4697300,10.985917,2013-10-23
12.9,13,12.72,12.85,6128200,10.943337,2013-10-24
12.88,12.88,12.52,12.55,7291600,10.687854,2013-10-25
12.6,12.96,12.53,12.83,8685400,10.926304,2013-10-28
12.87,12.96,12.75,12.93,6381200,11.011468,2013-10-29
12.95,12.98,12.75,12.82,4924200,10.917791,2013-10-30
12.8,12.84,12.6,12.62,7478100,10.747466,2013-10-31
12.69,12.73,12.38,12.46,10121900,10.611207,2013-11-01
12.49,12.62,12.4,12.4,5771600,10.56011,2013-11-04
12.53,12.53,11.94,12,9553300,10.219459,2013-11-05
12,12.18,11.88,12.13,8536800,10.330171,2013-11-06
12.07,12.13,11.64,11.83,23231200,10.074682,2013-11-07
11.82,11.93,11.53,11.8,13181000,10.049134,2013-11-08
11.8,11.81,11.7,11.6,10234000,9.878812,2013-11-11
11.65,11.67,11.44,11.47,11352500,9.86878,2013-11-12
11.45,11.84,11.32,11.83,10059600,10.178521,2013-11-13
11.9,12.05,11.74,12,12635100,10.32479,2013-11-14
12,12.08,11.9,11.95,9790300,10.28177,2013-11-18
11.9,11.93,11.59,11.78,12273000,10.135501,2013-11-19
11.78,11.84,11.58,11.74,9358700,10.101086,2013-11-21
11.62,12.05,11.62,12,9210800,10.32479,2013-11-22
12,12.05,11.79,11.88,9560600,10.221545,2013-11-25
11.85,11.9,11.72,11.74,8344400,10.101086,2013-11-26
11.81,11.91,11.55,11.58,11661400,9.963426,2013-11-27
11.65,11.83,11.62,11.69,5093700,10.058067,2013-11-28
11.71,11.79,11.57,11.79,5973800,10.144108,2013-11-29
11.62,11.76,11.47,11.5,7411300,9.894591,2013-12-02
11.38,11.52,11.11,11.11,10993400,9.559036,2013-12-03
11.18,11.42,11.11,11.14,14554300,9.584847,2013-12-04
11.18,11.42,10.54,10.66,28226600,9.171857,2013-12-05
10.8,11.3,10.8,11.25,19775900,9.67949,2013-12-06
11.25,11.25,10.99,11.07,15168600,9.524618,2013-12-09
11,11.04,10.87,10.95,4979300,9.421371,2013-12-10
10.9,10.99,10.56,10.58,9082000,9.103024,2013-12-11
10.62,10.96,10.55,10.96,15668700,9.429974,2013-12-12
10.94,11.06,10.64,10.78,16246900,9.275105,2013-12-13
10.82,10.94,10.73,10.79,10744700,9.283709,2013-12-16
10.75,10.81,10.58,10.63,6211500,9.146044,2013-12-17
10.68,10.75,10.47,10.57,21075900,9.094419,2013-12-18
10.65,10.8,10.47,10.71,9886600,9.214875,2013-12-19
10.7,10.74,10.44,10.49,12324500,9.025586,2013-12-20
10.6,10.69,10.47,10.63,10973000,9.146044,2013-12-23
10.63,10.9,10.63,10.81,9204200,9.300915,2013-12-26
10.9,10.99,10.83,10.9,18240400,9.378353,2013-12-27
10.98,11.15,10.93,11.06,8532000,9.516014,2013-12-30
11.06,11.18,10.58,10.58,10970100,9.103024,2014-01-02
10.56,10.68,10.52,10.68,9326100,9.189065,2014-01-03
10.67,10.67,10.33,10.41,9696400,8.956757,2014-01-06
10.43,10.73,10.29,10.31,12330100,8.870716,2014-01-07
10.37,10.64,10.37,10.55,7977000,9.077211,2014-01-08
10.48,10.53,10.13,10.16,15918300,8.741655,2014-01-09
10.27,10.36,10.12,10.16,13872000,8.741655,2014-01-10
10.17,10.18,9.97,10.09,32807500,8.681429,2014-01-13
10,10.33,10,10.23,16217500,8.801884,2014-01-14
10.34,10.43,10.27,10.34,5883500,8.896529,2014-01-15
10.3,10.38,10.09,10.17,7667000,8.750259,2014-01-16
10.28,10.28,10.04,10.08,5493700,8.672824,2014-01-17
10.09,10.24,9.98,10.02,4285100,8.621201,2014-01-20
9.88,9.88,9.85,9.83,12029800,8.457725,2014-01-21
9.94,10.14,9.81,10,22295700,8.603992,2014-01-22
10,10.08,9.73,9.75,13565500,8.388891,2014-01-23
9.81,9.89,9.56,9.7,15596500,8.345873,2014-01-24
9.7,9.99,9.7,9.9,20496900,8.517952,2014-01-27
10,10.04,9.82,9.84,12675000,8.466329,2014-01-28
9.8,9.88,9.5,9.51,12248500,8.182397,2014-01-29
9.51,9.58,9.25,9.4,19448400,8.087753,2014-01-30
9.3,9.66,9.28,9.59,14402000,8.25123,2014-01-31
9.5,9.74,9.21,9.23,8480900,7.941485,2014-02-03
9.35,9.48,9.1,9.31,13603100,8.010318,2014-02-04
9.34,9.45,9.24,9.45,12601500,8.130772,2014-02-05
9.51,9.97,9.5,9.91,15041300,8.526555,2014-02-06
9.98,9.98,9.45,9.62,10960900,8.27704,2014-02-07
9.55,9.64,9.28,9.5,7400100,8.173793,2014-02-10
9.58,9.73,9.48,9.71,7667600,8.354477,2014-02-11
9.75,9.75,9.29,9.37,11341000,8.061941,2014-02-12
9.33,9.36,9.18,9.24,10098100,7.950089,2014-02-13
9.3,9.68,9.3,9.58,17133100,8.242627,2014-02-14
9.64,9.66,9.46,9.47,5038500,8.147981,2014-02-17
9.48,9.58,9.25,9.27,11788000,7.975903,2014-02-18
9.25,9.56,9.15,9.56,12514300,8.225416,2014-02-19
9.31,9.6,9.31,9.47,12723700,8.147981,2014-02-20
9.48,9.72,9.47,9.62,6914700,8.27704,2014-02-21
9.6,9.83,9.57,9.7,10542700,8.345873,2014-02-24
9.61,9.72,9.49,9.63,5260600,8.285643,2014-02-25
9.61,9.69,9.46,9.52,6860100,8.190999,2014-02-26
9.59,10.1,9.53,10.07,25586300,8.664219,2014-02-27
10.1,10.26,9.99,10.07,12310000,8.664219,2014-02-28
10.07,10.27,9.9,10,7077000,8.603992,2014-03-05
10,10.33,9.93,10.2,15161200,8.776071,2014-03-06
10.21,10.44,10.12,10.27,31470300,8.8363,2014-03-07
10.21,10.27,9.97,10.05,17113600,8.647011,2014-03-10
10.16,10.17,9.77,9.89,7726200,8.50935,2014-03-11
9.78,9.95,9.74,9.9,8089900,8.517952,2014-03-12
10,10.08,9.76,9.85,7035300,8.474933,2014-03-13
9.94,9.94,9.68,9.79,6851700,8.423306,2014-03-14
9.82,10.05,9.76,10.04,9229800,8.638408,2014-03-17
9.99,10.4,9.96,10.28,12201600,8.844901,2014-03-18
10.3,10.44,10.21,10.41,6744200,8.956757,2014-03-19
10.28,10.64,10.23,10.49,14755800,9.025586,2014-03-20
10.43,10.59,10.29,10.35,11423000,8.90513,2014-03-21
10.44,10.53,10.25,10.49,7617200,9.025586,2014-03-24
10.55,10.55,10.26,10.42,6506500,8.965357,2014-03-25
10.49,10.53,10.25,10.3,10089300,8.862111,2014-03-26
10.3,10.86,10.3,10.75,17032700,9.249291,2014-03-27
10.79,11.02,10.71,10.95,16966000,9.421371,2014-03-28
10.95,11.3,10.9,11.25,23781600,9.67949,2014-03-31
11.29,11.38,10.8,10.86,12575200,9.343934,2014-04-01
10.86,11.3,10.84,11.27,19760500,9.696699,2014-04-02
11.36,11.36,11.14,11.26,14282000,9.688097,2014-04-03
11.47,11.58,11.3,11.34,18615900,9.756927,2014-04-04
11.5,11.75,11.44,11.67,25845500,10.040858,2014-04-07
11.9,11.99,11.49,11.59,17188400,9.972028,2014-04-08
11.48,11.9,11.35,11.72,13606400,10.083879,2014-04-09
11.72,11.81,11.3,11.44,11992400,9.842968,2014-04-10
11.4,11.55,11.23,11.46,9629500,9.860173,2014-04-11
11.46,11.67,11.32,11.4,8450400,9.80855,2014-04-14
11.29,11.44,11.08,11.13,10145500,9.576244,2014-04-15
11.24,11.44,11.2,11.3,12909100,9.722509,2014-04-16
11.35,11.49,11.15,11.44,5447000,9.842968,2014-04-17
11.44,11.7,11.37,11.64,8564800,10.015047,2014-04-22
11.68,11.74,11.42,11.56,8052800,9.946216,2014-04-23
11.65,11.7,11.5,11.6,9527300,9.980631,2014-04-24
11.5,11.61,11.23,11.26,9040200,9.688097,2014-04-25
11.2,11.31,11.12,11.12,7775600,9.567641,2014-04-28
11.33,11.54,11.16,11.5,9061000,9.894591,2014-04-29
11.4,11.62,11.32,11.4,8340600,9.80855,2014-04-30
11.4,11.94,11.4,11.86,15320300,10.204333,2014-05-02
11.95,12.06,11.66,11.87,13112800,10.212941,2014-05-05
11.8,11.93,11.73,11.84,8995100,10.187128,2014-05-06
11.78,12.2,11.76,12,12767700,10.32479,2014-05-07
12,12.07,11.71,11.73,9900600,10.092484,2014-05-08
11.79,11.83,11.41,11.66,7473400,10.032256,2014-05-09
11.8,11.92,11.72,11.9,5688200,10.238752,2014-05-12
11.89,11.93,11.73,11.8,12285300,10.152712,2014-05-13
11.8,12.02,11.76,11.84,5773300,10.187128,2014-05-14
11.8,11.82,11.63,11.74,6401700,10.101086,2014-05-15
11.81,11.92,11.74,11.89,8828800,10.230147,2014-05-16
11.81,11.9,11.76,11.73,5584400,10.092484,2014-05-19
11.82,11.89,11.54,11.58,12813900,10.059072,2014-05-20
11.68,11.74,11.56,11.65,7667100,10.119879,2014-05-21
11.62,11.84,11.6,11.8,10641100,10.250177,2014-05-22
11.8,11.87,11.71,11.78,8299700,10.232804,2014-05-23
11.79,11.89,11.79,11.8,3336600,10.250177,2014-05-26
11.77,11.87,11.66,11.7,9681800,10.163312,2014-05-27
11.73,11.82,11.64,11.7,14786500,10.163312,2014-05-28
11.73,11.79,11.33,11.38,25420100,9.88534,2014-05-29
11.26,11.45,10.98,10.98,24648800,9.537877,2014-05-30
11.1,11.18,10.93,10.99,12068200,9.546563,2014-06-02
11,11.09,10.9,11,8620000,9.555252,2014-06-03
10.92,10.99,10.85,10.89,13119100,9.459699,2014-06-04
10.89,11.04,10.86,10.89,6638100,9.459699,2014-06-05
11.23,11.34,11.14,11.2,14615500,9.728984,2014-06-06
11.14,11.55,11.14,11.39,12386400,9.894028,2014-06-09
11.47,11.74,11.4,11.74,7672800,10.198057,2014-06-10
11.71,11.87,11.7,11.74,9084100,10.198057,2014-06-11
11.74,11.83,11.66,11.8,11672200,10.388598,2014-06-13
11.78,11.94,11.73,11.9,10176000,10.476634,2014-06-16
11.79,11.87,11.75,11.77,4596700,10.362186,2014-06-17
11.77,12.25,11.71,12.21,11594700,10.749557,2014-06-18
12.21,12.21,11.79,11.83,12112500,10.415009,2014-06-20
11.85,11.93,11.75,11.79,3497600,10.379792,2014-06-23
11.73,12.14,11.73,11.88,5982400,10.45903,2014-06-24
11.8,12.09,11.75,11.79,9227500,10.379792,2014-06-25
11.88,11.94,11.74,11.81,5266800,10.397402,2014-06-26
11.75,11.89,11.62,11.73,4766300,10.32697,2014-06-27
11.8,11.83,11.54,11.59,6046300,10.203714,2014-06-30
11.7,11.75,11.51,11.57,5292500,10.186106,2014-07-01
11.61,11.61,11.2,11.25,8042000,9.904381,2014-07-02
11.11,11.53,11.11,11.5,4545100,10.12448,2014-07-03
11.51,11.53,11.38,11.44,958000,10.071657,2014-07-04
11.38,11.46,11.34,11.45,4314200,10.08046,2014-07-07
11.34,11.4,11.18,11.26,5181900,9.913186,2014-07-08
11.26,11.64,11.26,11.59,8560300,10.203714,2014-07-10
11.59,11.85,11.56,11.85,5889300,10.432618,2014-07-11
11.89,12.2,11.85,12.17,11637900,10.714342,2014-07-14
12.09,12.24,12.04,12.21,6820900,10.749557,2014-07-15
12.2,12.43,12.2,12.35,12153900,10.872812,2014-07-16
12.2,12.3,12.04,12.21,9760900,10.749557,2014-07-17
12.67,13.08,12.6,12.92,20727200,11.374633,2014-07-18
12.89,13.14,12.89,13.14,9627300,11.568317,2014-07-21
13.01,13.33,12.93,13.3,11593400,11.709181,2014-07-22
13.08,13.14,12.75,12.75,11075700,11.224966,2014-07-23
12.83,13.19,12.79,13.19,7406800,11.612338,2014-07-24
13.14,13.28,13.03,13.17,2719100,11.594732,2014-07-25
13.25,13.27,12.91,13.16,3912200,11.585927,2014-07-28
13.05,13.12,12.55,12.57,14461800,11.066499,2014-07-29
12.56,12.75,12.4,12.45,6817700,10.960851,2014-07-30
12.3,12.31,12.01,12.11,12060500,10.661518,2014-07-31
12.1,12.37,12,12.18,6118600,10.723145,2014-08-01
12.21,12.48,12.07,12.48,4653500,10.987262,2014-08-04
12.37,12.54,12.16,12.3,5520300,10.828793,2014-08-05
12.25,12.54,12.08,12.51,8242700,11.013673,2014-08-06
12.59,12.68,12.1,12.16,11233000,10.705538,2014-08-07
12,12.3,11.92,12.05,8588700,10.608695,2014-08-08
12.15,12.52,12.12,12.33,6002100,10.855204,2014-08-11
12.34,12.45,12.22,12.23,5758600,10.863535,2014-08-12
12.33,12.42,11.89,12,14713800,10.659233,2014-08-13
11.99,12.19,11.87,12.15,7574700,10.792474,2014-08-14
12.3,12.68,12.23,12.68,12934500,11.263259,2014-08-15
12.8,13.07,12.78,12.95,13887500,11.503088,2014-08-18
12.84,13.29,12.84,13.25,10045300,11.769571,2014-08-19
13.24,13.28,12.81,12.91,9410100,11.467559,2014-08-20
12.81,13.13,12.78,12.84,12354000,11.405381,2014-08-21
12.84,12.87,12.52,12.67,11149600,11.254375,2014-08-22
12.8,12.93,12.75,12.9,9457000,11.458676,2014-08-25
12.97,12.99,12.78,12.9,7297500,11.458676,2014-08-26
12.99,13.28,12.94,13.21,28043700,11.734039,2014-08-27
13.15,13.19,12.96,13.17,32413400,11.69851,2014-08-28
13.25,13.56,13.18,13.5,47004900,11.991637,2014-08-29
13.66,14.2,13.56,14,29587700,12.435774,2014-09-01
14,14,13.62,13.91,20012800,12.355829,2014-09-02
14,14.21,13.86,14.1,15244300,12.5246,2014-09-03
13.84,14.09,13.83,13.91,13045200,12.355829,2014-09-04
13.97,14.24,13.86,14.19,17537300,12.604542,2014-09-05
14.35,14.47,13.65,13.79,16493700,12.249236,2014-09-08
13.63,13.83,13.15,13.39,22316700,11.893929,2014-09-09
13.14,13.33,12.78,13.2,20277900,11.725157,2014-09-10
13.35,13.44,13.04,13.28,8990600,11.796221,2014-09-11
13.03,13.27,12.54,12.65,21705400,11.236608,2014-09-12
12.67,13.11,12.4,13.08,13550600,11.618567,2014-09-15
13.19,13.71,13.13,13.38,15067900,11.885047,2014-09-16
13.66,13.74,13.3,13.39,11512300,11.893929,2014-09-17
13.28,13.39,12.89,13,21384000,11.547503,2014-09-18
12.9,13.09,12.75,12.78,17545500,11.352085,2014-09-19
12.52,12.55,12.1,12.3,33565300,10.925715,2014-09-22
12.29,12.43,12.13,12.39,13773700,11.005662,2014-09-23
12.4,12.52,12.15,12.41,14571500,11.023426,2014-09-24
12.31,12.48,12.24,12.33,13982800,10.952363,2014-09-25
12.3,12.81,12.29,12.7,15254900,11.281023,2014-09-26
12,12.05,11.53,11.67,26846500,10.366105,2014-09-29
11.53,11.67,10.92,11.19,39839100,9.939736,2014-09-30
11.02,11.28,10.75,10.89,24756400,9.673257,2014-10-01
11,11.16,10.76,11.04,17388000,9.806494,2014-10-02
11.12,11.25,10.9,11.14,18857600,9.895323,2014-10-03
12.9,12.9,12,12.05,35462900,10.703648,2014-10-06
12.3,12.72,12.1,12.34,22190500,10.961246,2014-10-07
12.55,12.66,11.85,12.33,15814500,10.952363,2014-10-08
12.55,12.84,12.43,12.69,10442800,11.272141,2014-10-09
11.99,11.99,11.99,11.99,8245200,10.650352,2014-10-10
12.61,13.16,12.57,12.95,19267400,11.503088,2014-10-13
12.89,13.33,12.62,12.95,15425800,11.503088,2014-10-14
12.64,12.7,12.12,12.55,27611900,11.147782,2014-10-15
12.04,12.12,11.58,11.8,61481300,10.48158,2014-10-16
12.06,12.4,11.96,12.19,20822600,10.828006,2014-10-17
12.05,12.29,11.39,11.66,19866100,10.357223,2014-10-20
10.69,10.69,10.69,10.69,63969900,9.495601,2014-10-21
10.73,10.89,10.42,10.58,23556200,9.397893,2014-10-22
10.43,10.43,10.05,10.14,28741700,9.007052,2014-10-23
10.28,11.04,10.06,10.66,32902700,9.468953,2014-10-24
9.59,10.54,9.5,10.52,62499800,9.344597,2014-10-27
10.6,11.03,10.42,10.89,19550800,9.673257,2014-10-28
10.84,10.95,10.25,10.4,18906500,9.238001,2014-10-29
10.56,10.79,10.49,10.49,14812100,9.317948,2014-10-30
10.61,10.92,10.5,10.9,17497000,9.682137,2014-10-31
10.8,10.89,10.33,10.6,14856400,9.415657,2014-11-03
10.7,10.7,10.4,10.61,9776500,9.42454,2014-11-04
10.53,10.53,10.27,10.33,13775100,9.175823,2014-11-05
10.35,10.35,9.98,10.05,12381500,8.927108,2014-11-06
10.07,10.24,9.86,10.03,14043000,8.909343,2014-11-07
10.11,10.23,9.83,9.89,6274500,8.784987,2014-11-10
9.86,9.98,9.83,9.93,6321900,8.820516,2014-11-11
9.93,10.18,9.91,10.13,16030800,8.998171,2014-11-12
10.15,10.24,9.77,9.86,20901100,8.758339,2014-11-13
9.69,9.99,9.32,9.88,17430200,8.776104,2014-11-14
9.87,10.03,9.71,9.65,7831800,8.571799,2014-11-17
9.79,10.02,9.61,9.9,8750600,8.890432,2014-11-18
10,10.14,9.8,9.98,19088700,8.962273,2014-11-19
9.98,10.72,9.98,10.55,52274400,9.474147,2014-11-21
10.66,11,10.45,10.52,26819000,9.447207,2014-11-24
10.62,10.8,10.47,10.6,27973200,9.519049,2014-11-25
10.73,10.73,10.51,10.63,23506200,9.54599,2014-11-26
10.63,10.86,10.54,10.55,9790000,9.474147,2014-11-27
10.57,10.7,10.51,10.53,8763900,9.456186,2014-11-28
10.27,10.3,9.85,9.87,183101216,8.863492,2014-12-01
10,10.08,9.5,9.59,207270334,8.612046,2014-12-02
9.68,9.89,9.65,9.75,11505900,8.75573,2014-12-03
9.83,9.88,9.51,9.6,8229000,8.621024,2014-12-04
9.6,9.86,9.51,9.67,22019600,8.683887,2014-12-05
9.64,9.66,9.26,9.29,9836900,8.342638,2014-12-08
9.2,9.38,8.99,9.2,20411400,8.261815,2014-12-09
9.15,9.26,9.01,9.06,9318900,8.136093,2014-12-10
9.16,9.18,8.9,9,24908400,8.082211,2014-12-11
8.96,9.15,8.8,8.82,20543800,7.920568,2014-12-12
8.89,9.03,8.61,8.9,23026800,7.992408,2014-12-15
8.69,9.12,8.6,8.85,12922600,7.947508,2014-12-16
8.86,9.51,8.86,9.3,21455400,8.351617,2014-12-17
9.42,9.61,9.26,9.37,11225500,8.41448,2014-12-18
9.29,9.49,9.29,9.37,11542100,8.41448,2014-12-19
9.45,9.67,9.38,9.67,8107900,8.683887,2014-12-22
9.66,9.9,9.61,9.85,8630200,8.845532,2014-12-23
9.85,10.02,9.67,9.69,5340900,8.701847,2014-12-26
9.74,10.04,9.68,9.87,10966800,8.863492,2014-12-29
9.98,10,9.66,9.84,32426700,8.836551,2014-12-30
9.85,9.85,9.45,9.51,7244700,8.540204,2015-01-02
9.43,9.46,9.17,9.25,11596700,8.306719,2015-01-05
9.2,9.34,9.1,9.34,16404900,8.38754,2015-01-06
9.4,9.85,9.38,9.71,8002200,8.719808,2015-01-07
9.89,9.9,9.57,9.58,7655900,8.603065,2015-01-08
9.59,9.65,9.31,9.33,5949600,8.378559,2015-01-09
9.3,9.37,9.02,9.06,12630200,8.136093,2015-01-12
9.05,9.38,9.04,9.08,9825900,8.154054,2015-01-13
9,9.28,8.95,9.26,6189700,8.315697,2015-01-14
9.21,9.53,9.19,9.22,9809000,8.279777,2015-01-15
9.27,9.55,9.27,9.5,7209400,8.531223,2015-01-16
9.43,9.54,8.95,8.98,9742300,8.064249,2015-01-19
9.18,9.34,9.07,9.16,17871200,8.225896,2015-01-20
9.2,9.6,9.07,9.58,13375800,8.603065,2015-01-21
9.65,10.03,9.64,9.99,30758200,8.971255,2015-01-22
9.99,9.99,9.7,9.82,8124400,8.81859,2015-01-23
9.65,9.79,9.56,9.7,9331700,8.710828,2015-01-26
9.68,9.95,9.49,9.88,10392300,8.872473,2015-01-27
9.75,9.82,9.51,9.66,8315500,8.674907,2015-01-28
9.63,9.85,9.5,9.85,9757000,8.845532,2015-01-29
9.65,9.65,9.09,9.2,23210700,8.261815,2015-01-30
9.2,9.36,9.11,9.32,8377400,8.369578,2015-02-02
9.47,9.66,9.34,9.58,12976700,8.603065,2015-02-03
9.65,9.87,9.4,9.75,12433400,8.75573,2015-02-04
9.69,9.83,9.6,9.68,11487200,8.692867,2015-02-05
9.53,9.63,9.21,9.43,11638900,8.46836,2015-02-06
9.43,9.48,9.33,9.43,7995800,8.46836,2015-02-09
9.37,9.56,9.3,9.34,6781000,8.38754,2015-02-10
9.3,9.3,8.85,8.97,29561900,8.055271,2015-02-11
9.1,9.3,9.09,9.27,10157300,8.324679,2015-02-12
9.32,9.42,9.26,9.38,8997300,8.423461,2015-02-13
9.35,9.75,9.35,9.64,16493000,8.656947,2015-02-18
9.62,9.89,9.56,9.66,7409700,8.674907,2015-02-19
9.7,9.75,9.58,9.71,7609300,8.719808,2015-02-20
9.57,9.78,9.5,9.59,5841000,8.612046,2015-02-23
9.65,9.95,9.51,9.95,9377400,8.935333,2015-02-24
9.76,9.91,9.67,9.88,7782300,8.872473,2015-02-25
9.93,10.05,9.77,10.03,11388900,9.007175,2015-02-26
10,10.21,9.94,10.08,16494600,9.052075,2015-02-27
9.97,10.1,9.59,9.65,14318000,8.665927,2015-03-02
9.7,9.98,9.6,9.85,10471800,8.845532,2015-03-03
9.69,9.93,9.65,9.93,10312100,8.917373,2015-03-04
9.94,9.98,9.55,9.64,12013800,8.656947,2015-03-05
9.7,9.75,9.45,9.67,10509600,8.683887,2015-03-06
9.6,9.7,9.41,9.61,10230700,8.630006,2015-03-09
9.53,9.74,9.5,9.51,10145400,8.540204,2015-03-10
9.55,9.78,9.5,9.74,14347100,8.746748,2015-03-11
9.88,9.93,9.6,9.63,15450800,8.647966,2015-03-12
9.46,9.74,9.36,9.65,17540400,8.665927,2015-03-13
9.7,9.98,9.7,9.97,16316500,8.953294,2015-03-16
9.95,10.78,9.93,10.73,36433300,9.635789,2015-03-17
10.76,11.39,10.76,11.25,47386300,10.102764,2015-03-18
11.14,11.22,10.98,11.08,18617000,9.9501,2015-03-19
11.25,11.63,11.22,11.38,23670300,10.219507,2015-03-20
11.47,11.53,11.01,11.22,42307600,10.075822,2015-03-23
11.2,11.27,10.76,10.96,19592800,9.842338,2015-03-24
10.97,11.14,10.83,10.84,15341300,9.734573,2015-03-25
10.73,11.13,10.68,11.03,19388600,9.905198,2015-03-26
10.98,11.4,10.88,11.13,11738900,9.995001,2015-03-27
11.27,11.5,11.18,11.35,9290300,10.192566,2015-03-30
11.27,11.45,11.07,11.12,11511600,9.986022,2015-03-31
11.33,11.79,11.29,11.72,23683700,10.524837,2015-04-01
11.82,12.05,11.59,12.02,27761800,10.794242,2015-04-02
11.99,12.15,11.75,11.91,21063200,10.695458,2015-04-06
11.9,11.98,11.61,11.61,11242400,10.426052,2015-04-07
11.83,12.06,11.77,11.98,29776600,10.758322,2015-04-08
11.82,12.05,11.82,11.98,13684700,10.758322,2015-04-09
11.99,12.13,11.93,12.09,22319700,10.857104,2015-04-10
12.04,12.21,12,12.15,9255700,10.910984,2015-04-13
12.18,12.18,12,12.07,8422800,10.839144,2015-04-14
12.13,12.44,12.06,12.44,12631700,11.171413,2015-04-15
12.3,12.3,12.14,12.19,14678600,11.038447,2015-04-16
12.1,12.22,12.01,12.19,10591500,11.038447,2015-04-17
12.09,12.12,11.96,12.02,13826200,10.884507,2015-04-20
12.1,12.23,12.05,12.21,9117000,11.056555,2015-04-22
12.15,12.43,12.02,12.34,12072400,11.174276,2015-04-23
12.49,12.86,12.34,12.76,12820900,11.5546,2015-04-24
12.67,12.97,12.34,12.6,18284100,11.409716,2015-04-27
12.75,12.83,12.3,12.56,25388300,11.373495,2015-04-28
12.28,12.52,12.2,12.23,19052700,11.074667,2015-04-29
12.25,12.44,12.23,12.44,14647500,11.264829,2015-04-30
12.41,12.84,12.41,12.72,14639300,11.518379,2015-05-04
12.71,12.95,12.7,12.78,6722000,11.57271,2015-05-05
12.73,12.84,12.6,12.78,6153400,11.57271,2015-05-06
12.61,12.8,12.3,12.38,8983200,11.210498,2015-05-07
12.51,12.65,12.34,12.61,7163700,11.418769,2015-05-08
12.69,12.74,12.47,12.59,5599300,11.400661,2015-05-11
12.48,12.52,12.2,12.27,11783400,11.11089,2015-05-12
12.19,12.39,11.98,12.05,10803000,10.911673,2015-05-13
12.05,12.18,11.86,12.1,7758500,10.95695,2015-05-14
12.07,12.49,12.07,12.26,9286600,11.101834,2015-05-15
12.38,12.49,12.18,12.4,12549100,11.228609,2015-05-18
12.29,12.34,12.1,12.3,6471500,11.250661,2015-05-19
12.15,12.47,12.1,12.2,13409800,11.159193,2015-05-20
12.18,12.22,11.88,12.1,10910100,11.067723,2015-05-21
12.06,12.12,11.55,11.82,12395900,10.811611,2015-05-22
11.82,11.86,11.55,11.71,2970300,10.710997,2015-05-25
11.67,11.68,11.36,11.57,14689900,10.582939,2015-05-26
11.53,11.96,11.44,11.7,11539900,10.701849,2015-05-27
11.65,11.71,11.5,11.56,16487800,10.573792,2015-05-28
11.54,11.7,11.2,11.2,19294500,10.244505,2015-05-29
11.1,11.7,11.1,11.58,10891700,10.592087,2015-06-01
11.65,11.85,11.61,11.82,25498700,10.811611,2015-06-02
NA,NA,NA,NA,NA,NA,2015-06-03
11.77,11.84,11.64,11.74,17975000,10.738436,2015-06-05
11.8,11.87,11.49,11.54,10339700,10.5555,2015-06-08
11.63,11.69,11.37,11.54,8569000,10.5555,2015-06-09
11.61,11.94,11.56,11.81,29207800,10.802466,2015-06-10
11.88,11.92,11.68,11.81,7482700,10.802466,2015-06-11
11.73,11.78,11.58,11.71,15237300,10.710997,2015-06-12
11.64,11.77,11.46,11.73,9945700,10.729288,2015-06-15
11.64,11.81,11.6,11.64,9653000,10.646969,2015-06-16
11.64,11.79,11.55,11.6,11914600,10.610381,2015-06-17
11.68,11.86,11.62,11.71,10675700,10.710997,2015-06-18
11.64,11.7,11.51,11.52,9516800,10.537206,2015-06-19
11.7,11.72,11.54,11.56,11117100,10.573792,2015-06-22
11.67,11.67,11.41,11.41,9686100,10.436589,2015-06-23
11.45,11.5,11.37,11.4,14699400,10.427442,2015-06-24
11.45,11.54,11.23,11.51,9780200,10.52806,2015-06-25
11.44,11.77,11.38,11.68,5712600,10.683555,2015-06-26
11.45,11.66,11.45,11.49,7199300,10.509766,2015-06-29
11.58,11.75,11.5,11.67,10167800,10.674409,2015-06-30
11.67,11.82,11.5,11.59,5995800,10.601234,2015-07-01
NA,NA,NA,NA,NA,NA,2015-07-02
11.51,11.55,11.42,11.44,3583200,10.464029,2015-07-03
11.39,11.67,11.35,11.54,6263100,10.5555,2015-07-06
11.43,11.74,11.34,11.74,10612000,10.738436,2015-07-07
11.56,11.8,11.52,11.57,6384600,10.582939,2015-07-08
11.59,11.92,11.59,11.79,5489400,10.78417,2015-07-10
11.84,11.91,11.74,11.83,5469600,10.820758,2015-07-13
11.84,12.13,11.78,12.04,6658500,11.012842,2015-07-14
12.02,12.07,11.85,11.85,7513100,10.839053,2015-07-15
12.02,12.06,11.81,11.97,4367300,10.948813,2015-07-16
11.96,12.12,11.71,11.72,11400100,10.720143,2015-07-17
11.8,11.85,11.41,11.46,14484400,10.482324,2015-07-20
11.42,11.53,11.09,11.26,15033600,10.299388,2015-07-21
11.1,11.25,10.97,11.12,11729900,10.171329,2015-07-22
10.99,11.05,10.52,10.7,15572400,9.787161,2015-07-23
10.61,10.68,10.17,10.47,14262200,9.576784,2015-07-24
10.4,10.47,10.23,10.4,9317900,9.512753,2015-07-27
10.51,10.58,9.98,10.3,12577800,9.421285,2015-07-28
10.21,10.45,10.15,10.22,15628000,9.348109,2015-07-29
10.31,10.42,10.18,10.27,8786900,9.393844,2015-07-30
10.29,10.48,10.25,10.46,8187800,9.567636,2015-07-31
10.35,10.45,10.2,10.29,5831500,9.412139,2015-08-03
10.3,10.39,10.15,10.26,5621500,9.384699,2015-08-04
10.4,10.41,10.16,10.23,5368000,9.357259,2015-08-05
10.12,10.31,9.93,10.18,10736400,9.311523,2015-08-06
10.2,10.33,10.07,10.07,10008800,9.210906,2015-08-07
10.16,10.43,10.12,10.35,12097900,9.46702,2015-08-10
10.27,10.6,10.2,10.6,11112600,9.695691,2015-08-11
10.25,10.64,10.22,10.49,20298700,9.595076,2015-08-12
NA,NA,NA,NA,NA,NA,2015-08-13
10.8,11.06,10.58,10.58,42379000,9.6774,2015-08-14
NA,NA,NA,NA,NA,NA,2015-08-17
10.37,10.89,10.34,10.73,16432500,9.814602,2015-08-18
10.58,10.78,10.44,10.62,11046000,9.713985,2015-08-19
10.68,10.92,10.49,10.84,12516600,9.915216,2015-08-20
10.74,10.75,10.43,10.45,10877500,9.558489,2015-08-21
9.67,10.63,9.5,10.5,20483400,9.737236,2015-08-24
10.56,10.76,10.2,10.2,14744700,9.45903,2015-08-25
10.46,10.86,10.38,10.86,18200600,10.071082,2015-08-26
10.9,11.45,10.87,11.15,18226500,10.340014,2015-08-27
10.88,11.12,10.82,10.96,8809500,10.16382,2015-08-28
10.76,10.92,10.46,10.78,15333600,9.996895,2015-08-31
10.47,10.59,10.15,10.35,10548300,9.598134,2015-09-01
10.48,10.53,10.21,10.42,9260000,9.663047,2015-09-02
10.53,10.72,10.17,10.54,10574500,9.77433,2015-09-03
10.3,10.48,10.08,10.2,12742200,9.45903,2015-09-04
10.2,10.45,10.18,10.24,8659800,9.496121,2015-09-08
10.73,10.87,10.53,10.63,18416100,9.857794,2015-09-09
10.22,10.8,10.22,10.8,15822000,10.015442,2015-09-10
10.8,10.93,10.48,10.66,9780700,9.885612,2015-09-11
10.7,11.21,10.47,11.04,12627300,10.238008,2015-09-14
11,11.5,10.92,11.4,15654300,10.571856,2015-09-15
11.48,11.94,11.44,11.88,19955700,11.016986,2015-09-16
11.65,11.75,11.37,11.37,16248400,10.544035,2015-09-17
NA,NA,NA,NA,NA,NA,2015-09-18
11.03,11.22,10.96,10.96,6428100,10.16382,2015-09-21
10.8,11.14,10.75,11.09,6987800,10.284375,2015-09-22
11.11,11.29,10.84,10.94,15858800,10.145271,2015-09-23
10.65,11.3,10.47,11.11,14950000,10.302923,2015-09-24
11.25,11.34,10.99,10.99,9798400,10.191639,2015-09-25
10.85,11.07,10.74,10.78,7487100,9.996895,2015-09-28
10.78,10.95,10.6,10.75,10431600,9.969074,2015-09-29
10.99,11.08,10.75,11.08,17499600,10.275103,2015-09-30
11.15,11.57,11.04,11.38,11927200,10.553309,2015-10-01
NA,NA,NA,NA,NA,NA,2015-10-02
11.92,11.94,11.41,11.55,8382600,10.710958,2015-10-05
NA,NA,NA,NA,NA,NA,2015-10-06
11.8,11.96,11.3,11.57,10431800,10.729506,2015-10-07
11.5,11.8,11.47,11.67,6444600,10.822242,2015-10-08
11.87,11.96,11.69,11.92,10983000,11.054081,2015-10-09
11.92,12,11.64,11.77,13809800,10.914978,2015-10-13
NA,NA,NA,NA,NA,NA,2015-10-14
11.34,11.57,11.29,11.52,5380400,10.683138,2015-10-15
11.52,11.68,11.29,11.44,8323900,10.608949,2015-10-16
NA,NA,NA,NA,NA,NA,2015-10-19
11.49,11.61,11.22,11.38,8801100,10.553309,2015-10-20
NA,NA,NA,NA,NA,NA,2015-10-21
NA,NA,NA,NA,NA,NA,2015-10-22
11.96,12.26,11.88,12.05,19556100,11.174636,2015-10-23
12.05,12.15,11.98,12.07,6874900,11.193185,2015-10-26
NA,NA,NA,NA,NA,NA,2015-10-27
11.9,11.99,11.9,11.98,521600,11.109721,2015-10-28
NA,NA,NA,NA,NA,NA,2015-10-29
NA,NA,NA,NA,NA,NA,2015-10-30
11.4,12.63,11.4,12.4,27473700,11.499209,2015-11-03
12.75,12.79,12.16,12.31,14784300,11.415751,2015-11-04
12.39,12.44,12.16,12.23,5396700,11.34156,2015-11-05
12.16,12.28,11.7,12,12503800,11.128269,2015-11-06
12,12.25,11.92,12.08,7053700,11.202458,2015-11-09
12,12.25,11.89,12.23,6495400,11.34156,2015-11-10
12.3,12.61,12.3,12.5,10282100,11.591947,2015-11-11
12.51,12.65,12.12,12.22,11978200,11.33229,2015-11-12
12.22,12.25,11.89,12,14928200,11.128269,2015-11-13
11.91,12.22,11.91,12.01,13331500,11.137545,2015-11-16
12.15,12.32,12.05,12.09,14802200,11.211732,2015-11-17
12.12,12.5,12.07,12.4,14196900,11.499209,2015-11-18
12.56,12.58,12.15,12.21,15272900,11.323015,2015-11-19
12.21,12.5,12.21,12.45,8779500,11.545579,2015-11-23
12.23,12.37,12.1,12.14,9501400,11.42005,2015-11-24
12.03,12.22,11.85,12.14,16849600,11.42005,2015-11-25
12.11,12.23,12.01,12.04,7463100,11.325981,2015-11-26
11.99,12.09,11.66,11.76,10603600,11.062586,2015-11-27
11.55,11.79,11.37,11.37,28966800,10.695714,2015-11-30
11.41,11.65,11.26,11.6,14778100,10.912074,2015-12-01
11.5,11.69,11.38,11.52,16722000,10.836819,2015-12-02
11.93,12.11,11.67,11.8,13270900,11.100214,2015-12-03
11.63,11.7,11.36,11.56,15690200,10.874448,2015-12-04
11.62,11.72,11.48,11.55,9990500,10.865039,2015-12-07
11.55,11.6,11.31,11.35,7417000,10.676902,2015-12-08
11.57,12.06,11.41,11.98,14414100,11.269539,2015-12-09
12.07,12.07,11.78,11.97,10053500,11.260133,2015-12-10
11.83,12.27,11.83,12,13145800,11.288352,2015-12-11
11.86,11.86,11.55,11.72,6677000,11.261938,2015-12-14
11.75,11.86,11.59,11.59,7855900,11.13702,2015-12-15
11.5,11.63,11.27,11.6,14988200,11.146628,2015-12-16
11.8,11.87,11.59,11.71,16250300,11.25233,2015-12-17
11.39,11.56,11.2,11.23,13583900,10.791089,2015-12-18
11.23,11.35,11.02,11.06,9734300,10.627732,2015-12-21
11.08,11.18,11.01,11.1,5640600,10.666171,2015-12-22
11.23,11.3,10.93,11.05,5272700,10.618124,2015-12-23
11.05,11.13,10.85,10.91,5153800,10.483596,2015-12-28
10.96,11.09,10.9,10.93,5489600,10.502815,2015-12-29
10.9,11.08,10.82,10.89,7320300,10.464379,2015-12-30
10.89,10.95,10.43,10.45,11394700,10.041574,2016-01-04
10.5,10.91,10.5,10.85,10840900,10.425941,2016-01-05
10.76,10.96,10.65,10.84,7183200,10.416333,2016-01-06
10.75,10.77,10.32,10.39,14588500,9.98392,2016-01-07
10.49,10.6,10.44,10.52,9129900,10.10884,2016-01-08
10.58,10.77,10.5,10.5,13866800,10.089622,2016-01-11
10.59,10.65,10.29,10.43,11448700,10.022358,2016-01-12
10.49,10.58,10.26,10.41,6658000,10.003138,2016-01-13
10.46,10.66,10.26,10.63,11230600,10.21454,2016-01-14
10.45,10.56,10.33,10.41,13571600,10.003138,2016-01-15
10.45,10.49,10.33,10.4,5772800,9.993529,2016-01-18
10.63,10.64,10.43,10.53,9066200,10.118447,2016-01-19
10.39,10.49,10.16,10.25,11726800,9.849393,2016-01-20
10.26,10.29,10.08,10.08,11258000,9.686036,2016-01-21
10.18,10.24,10.03,10.04,14358100,9.6476,2016-01-22
10.04,10.04,9.73,9.95,18567100,9.561116,2016-01-26
9.92,10.49,9.91,10.26,16779800,9.859001,2016-01-27
10.34,10.45,10.18,10.37,8096000,9.964703,2016-01-28
10.5,10.6,10.07,10.26,30083300,9.859001,2016-01-29
10.15,10.47,10.14,10.47,8248800,10.060793,2016-02-01
10.32,10.44,10.12,10.2,7911700,9.801346,2016-02-02
10.27,10.39,10.04,10.38,11223200,9.974311,2016-02-03
10.5,10.53,10.23,10.49,9556300,10.080011,2016-02-04
10.48,10.54,10.25,10.31,5129100,9.907048,2016-02-05
10.31,10.44,10.15,10.33,5588700,9.926265,2016-02-10
10.18,10.23,10,10.2,4711600,9.801346,2016-02-11
10.25,10.28,10.01,10.15,9106300,9.753299,2016-02-12
10.31,10.38,10.16,10.38,3387000,9.974311,2016-02-15
10.3,10.45,10.15,10.45,7597100,10.041574,2016-02-16
10.45,10.79,10.33,10.52,11277000,10.10884,2016-02-17
10.45,10.62,10.38,10.56,5899400,10.147276,2016-02-18
10.44,10.7,10.33,10.55,6970000,10.137667,2016-02-19
10.83,11.39,10.83,11.23,17020800,10.791089,2016-02-22
11.17,11.35,10.99,11.15,12672400,10.714216,2016-02-23
10.96,11.18,10.79,11.18,9286300,10.743044,2016-02-24
11.04,11.24,10.98,11.1,5996000,10.666171,2016-02-25
11.27,11.4,11.11,11.2,5766000,10.762261,2016-02-26
11.39,11.7,11.2,11.62,10634000,11.165847,2016-02-29
11.7,12.19,11.57,12.19,18384300,11.713568,2016-03-01
12.17,12.63,11.99,12.55,22661600,12.0595,2016-03-02
13.44,13.44,13.44,13.44,37411200,12.914714,2016-03-03
13.44,14.93,13.44,14.8,75651000,14.221562,2016-03-04
14.7,14.88,13.82,14.01,29937200,13.462437,2016-03-07
13.9,14.43,13.87,14.07,34789400,13.520091,2016-03-08
14.3,14.97,14.1,14.78,28128100,14.202343,2016-03-09
14.99,15.77,14.81,15.46,35626600,14.855765,2016-03-10
15.5,15.94,14.8,15.8,26500100,15.182477,2016-03-11
16,16.42,15.26,15.29,25134000,14.692409,2016-03-14
14.75,15.09,14.45,14.53,25519800,13.962113,2016-03-15
14.34,14.88,14.26,14.88,15436500,14.298434,2016-03-16
16.280001,16.33,15.7,15.85,27005900,15.230523,2016-03-17
15.98,16.07,15.37,15.5,14698800,14.894201,2016-03-18
15.52,15.7,15.43,15.6,15023200,14.990294,2016-03-21
15.49,15.91,15.39,15.48,8495100,14.874983,2016-03-22
15.28,15.61,15.07,15.29,10675500,14.692409,2016-03-23
15.03,15.4,14.89,15.33,7734100,14.730847,2016-03-24
15.33,15.84,15.33,15.75,11775200,15.134431,2016-03-28
15.84,15.93,15.51,15.56,9452500,14.951857,2016-03-29
15.74,16,15.36,15.68,10545900,15.067166,2016-03-30
15.35,15.35,15.35,15.35,3600,14.750064,2016-03-31
15.6,15.6,15.6,15.6,8100,14.990294,2016-04-01
15.29,15.29,15.29,15.29,11400,14.692409,2016-04-04
15.57,15.57,15.57,15.57,14100,14.961466,2016-04-05
14.78,14.78,14.78,14.78,263700,14.202343,2016-04-06
15.13,15.13,15.13,15.13,42500,14.538664,2016-04-07
15.8,16.459999,15.6,15.9,12517400,15.278567,2016-04-08
15.68,15.68,15.68,15.68,13200,15.067166,2016-04-11
16.049999,16.049999,16.049999,16.049999,104000,15.422707,2016-04-12
16.6,16.6,16.6,16.6,99500,15.951208,2016-04-13
16.700001,17.18,16.459999,17,15225900,16.335577,2016-04-14
17.07,17.32,16.93,17.1,15141600,16.431667,2016-04-15
17.1,17.1,16.299999,16.469999,12749900,15.826292,2016-04-18
16.719999,16.719999,16.719999,16.719999,27100,16.066519,2016-04-19
16.5,17.209999,16.5,17.15,16462000,16.479713,2016-04-20
17.15,17.15,16.51,16.92,10980700,16.258705,2016-04-22
16.879999,16.889999,16.559999,16.690001,6896300,16.037693,2016-04-25
16.73,16.860001,16.42,16.74,7629700,16.085739,2016-04-26
16.67,17.719999,16.66,17.65,12462200,16.960171,2016-04-27
17.75,18.200001,17.459999,17.99,10707900,17.286882,2016-04-28
18,18.049999,17.02,17.18,16179000,16.508541,2016-04-29
17.15,17.360001,17.01,17.139999,5389000,16.470106,2016-05-02
17.049999,17.190001,16.68,16.75,7838400,16.095346,2016-05-03
16.700001,16.959999,16.67,16.73,11592000,16.076128,2016-05-04
16.9,16.940001,16.450001,16.549999,7030900,15.903166,2016-05-05
16.51,16.57,16.110001,16.48,14406600,15.835899,2016-05-06
16.370001,16.65,15.98,16.52,9098300,15.874338,2016-05-09
16.799999,17.66,16.709999,17.48,17960500,16.796816,2016-05-10
17.889999,18.08,17.25,17.58,16349000,16.892912,2016-05-11
17.67,18.23,17.549999,18.08,10300900,17.373365,2016-05-12
17.98,18.23,17.49,17.74,8025900,17.046654,2016-05-13
17.559999,17.809999,17.34,17.549999,8336400,16.864079,2016-05-16
17.6,17.690001,16.6,16.700001,12245100,16.0473,2016-05-17
16.58,16.83,16.299999,16.51,10439400,15.864728,2016-05-18
16.370001,16.549999,16.25,16.5,10846200,15.85512,2016-05-19
16.65,16.82,16.33,16.4,4432300,15.759025,2016-05-20
16.02,16.42,15.85,16.25,6499400,15.614889,2016-05-23
16.26,16.52,15.99,16.16,3640700,15.619697,2016-05-24
16.290001,16.440001,15.95,16.09,4820100,15.552037,2016-05-25
16.09,16.24,15.95,16.190001,6733200,15.648693,2016-05-27
16.07,16.190001,15.98,16,1516100,15.465045,2016-05-30
15.95,16.16,15.74,15.92,16734300,15.38772,2016-05-31
15.86,16.09,15.79,16.040001,9502000,15.503709,2016-06-01
16.02,16.35,15.96,16.200001,7869600,15.65836,2016-06-02
16.139999,16.700001,16.02,16.639999,14616400,16.083647,2016-06-03
16.73,16.75,16.370001,16.440001,9048500,15.890332,2016-06-06
16.33,16.43,15.98,16.219999,6345300,15.677689,2016-06-07
16.33,16.92,16.27,16.799999,10314300,16.238297,2016-06-08
16.74,16.91,16.620001,16.799999,9225500,16.238297,2016-06-09
16.620001,16.76,16.129999,16.129999,6955400,15.590698,2016-06-10
15.97,16.049999,15.85,15.9,6655900,15.368388,2016-06-13
15.89,15.9,15.4,15.82,12662100,15.291062,2016-06-14
15.79,16.530001,15.62,16.190001,14653900,15.648693,2016-06-15
16.01,16.129999,15.82,16.129999,12422000,15.590698,2016-06-16
16.290001,16.32,16.049999,16.07,13655500,15.532705,2016-06-17
16.41,16.84,16.33,16.65,9964000,16.093311,2016-06-20
16.639999,17.049999,16.51,16.93,8348400,16.363953,2016-06-21
16.9,17.35,16.620001,16.969999,7607800,16.402615,2016-06-22
17.030001,17.379999,16.799999,17.209999,5031500,16.634588,2016-06-23
16.5,17.08,16.35,16.91,8453800,16.34462,2016-06-24
16.700001,16.99,16.450001,16.719999,4569600,16.160971,2016-06-27
16.940001,17.24,16.92,17.15,7594100,16.576595,2016-06-28
17.35,17.620001,17.200001,17.200001,8839500,16.624924,2016-06-29
17.26,18,17.26,18,16710800,17.398174,2016-06-30
18,18,17.709999,17.9,7199500,17.301519,2016-07-01
18,18.17,17.809999,18,3914700,17.398174,2016-07-04
17.9,17.9,17.469999,17.65,6418600,17.059877,2016-07-05
17.41,17.75,17.24,17.5,5646300,16.914892,2016-07-06
17.52,17.809999,17.41,17.629999,5477700,17.040546,2016-07-07
17.9,18.219999,17.799999,18.15,6147700,17.543159,2016-07-08
18.25,18.49,18.219999,18.42,6937000,17.804134,2016-07-11
18.5,18.9,18.450001,18.700001,5903600,18.074772,2016-07-12
18.75,19.290001,18.68,19.120001,6976600,18.480732,2016-07-13
19.4,20,19.23,19.82,11927700,19.157326,2016-07-14
19.75,20.35,19.73,20.1,6872000,19.427963,2016-07-15
20.09,20.43,19.98,20.370001,12543500,19.688936,2016-07-18
20.299999,20.76,19.799999,20.200001,9233300,19.52462,2016-07-19
20.25,20.299999,19.299999,19.35,14922900,18.703041,2016-07-20
19.4,19.700001,19.200001,19.35,10301000,18.703041,2016-07-21
19.540001,19.65,19.290001,19.32,10345800,18.674042,2016-07-22
19.35,19.52,18.959999,19.200001,5375000,18.558056,2016-07-25
19.120001,19.200001,19.07,19.08,17510600,18.442068,2016-07-26
19.16,19.43,18.870001,18.870001,20733700,18.239086,2016-07-27
18.809999,19.290001,18.73,19.200001,6644000,18.558056,2016-07-28
19.25,19.42,19,19.09,27954600,18.451733,2016-07-29
19.25,19.27,18.6,18.77,9321900,18.142433,2016-08-01
18.57,18.66,18.15,18.27,12294500,17.659149,2016-08-02
18.139999,18.469999,17.809999,18.200001,14889000,17.591492,2016-08-03
18.370001,19.23,18.209999,19,12189800,18.364742,2016-08-04
19.129999,19.26,18.85,19.120001,6919900,18.480732,2016-08-05
19.18,19.18,18.59,18.74,5144800,18.113432,2016-08-08
18.77,19.309999,18.610001,19.030001,5358300,18.39374,2016-08-09
19.200001,19.200001,18.610001,18.67,8361700,18.045774,2016-08-10
18.620001,19.24,18.620001,19.15,9675500,18.509726,2016-08-11
19.15,19.389999,19.02,19.35,9777900,18.703041,2016-08-12
19.49,19.5,18.709999,18.76,14040200,18.132765,2016-08-15
18.75,18.75,18.26,18.49,7346100,17.871794,2016-08-16
18.58,18.870001,18.360001,18.76,17415800,18.132765,2016-08-17
18.58,18.719999,18.129999,18.35,8844000,17.736473,2016-08-18
18.25,18.33,18,18.299999,3756800,17.688147,2016-08-19
18.280001,18.4,17.83,17.950001,6082900,17.34985,2016-08-22
17.9,18.15,17.860001,18,6077800,17.515877,2016-08-23
17.799999,18.139999,17.59,17.98,6667000,17.496412,2016-08-24
18.030001,18.389999,17.870001,18.049999,6665400,17.564533,2016-08-25
18.190001,18.48,17.77,17.969999,8239300,17.486683,2016-08-26
17.950001,18.1,17.82,17.860001,7233600,17.379641,2016-08-29
17.889999,18.120001,17.4,18.1,6691100,17.613188,2016-08-30
18.139999,18.23,17.549999,17.91,11110500,17.428297,2016-08-31
17.860001,17.959999,17.209999,17.360001,14263400,16.893087,2016-09-01
17.4,17.99,17.379999,17.98,9848000,17.496412,2016-09-02
18.09,18.1,17.719999,17.9,2622400,17.418564,2016-09-05
17.99,18.030001,17.75,17.969999,4853100,17.486683,2016-09-06
17.969999,17.969999,17.58,17.74,6153000,17.262869,2016-09-08
17.389999,17.4,16.75,16.93,19540100,16.474655,2016-09-09
16.860001,17.049999,16.67,16.969999,11313600,16.513578,2016-09-12
16.67,16.690001,16.200001,16.4,19780900,15.958911,2016-09-13
16.4,16.58,16.200001,16.57,16004500,16.124336,2016-09-14
16.57,17.280001,16.48,17.15,10229000,16.688736,2016-09-15
17.110001,17.23,16.67,17.02,10266700,16.562233,2016-09-16
17.040001,17.23,16.92,17.110001,5769300,16.649815,2016-09-19
17.15,17.200001,16.93,17.049999,4548900,16.591427,2016-09-20
17.110001,17.360001,16.620001,17.190001,6993600,16.727663,2016-09-21
17.35,17.58,17.17,17.27,7894000,16.805513,2016-09-22
17.4,17.4,16.780001,16.99,5745600,16.533041,2016-09-23
16.85,16.91,16.610001,16.719999,3966300,16.270304,2016-09-26
16.719999,17.040001,16.370001,16.84,11052600,16.387074,2016-09-27
16.91,17.139999,16.719999,16.99,6060600,16.533041,2016-09-28
17.049999,17.08,16.620001,16.620001,10766300,16.172995,2016-09-29
16.77,16.99,16.620001,16.809999,10867300,16.357883,2016-09-30
16.809999,17.440001,16.809999,17.4,15187300,16.932016,2016-10-03
17.42,17.469999,17.17,17.25,10793500,16.786049,2016-10-04
17.35,17.540001,17.299999,17.440001,32821400,16.970938,2016-10-05
17.440001,17.65,17.379999,17.5,9534900,17.029324,2016-10-06
17.700001,17.92,17.459999,17.809999,24041900,17.330986,2016-10-07
17.85,17.959999,17.700001,17.92,7515100,17.43803,2016-10-10
17.799999,17.84,17.440001,17.49,10719900,17.019592,2016-10-11
17.49,17.620001,16.639999,17.59,15059000,17.116905,2016-10-13
17.66,17.969999,17.6,17.700001,12410500,17.223948,2016-10-14
17.690001,17.860001,17.610001,17.799999,7893700,17.321253,2016-10-17
17.99,17.99,17.52,17.83,26841900,17.350449,2016-10-18
17.83,18.280001,17.75,18.23,10544700,17.739691,2016-10-19
18.18,18.6,17.969999,18.6,8827700,18.099739,2016-10-20
18.540001,18.700001,18.440001,18.6,12550400,18.099739,2016-10-21
18.65,18.74,18.4,18.66,9178800,18.158123,2016-10-24
18.639999,18.639999,18.299999,18.4,8950400,17.905117,2016-10-25
18.25,18.48,18.17,18.450001,10207400,17.953772,2016-10-26
18.32,18.66,18.290001,18.5,8521700,18.002428,2016-10-27
18.459999,18.549999,18.18,18.299999,11436100,17.807808,2016-10-28
18.299999,19.01,18.26,18.799999,11857600,18.294359,2016-10-31
18.799999,18.959999,18.01,18.25,16018300,17.759153,2016-11-01
18.25,18.33,17.700001,17.719999,9751600,17.243406,2016-11-03
17.690001,18.15,17.52,17.59,8132300,17.116905,2016-11-04
17.940001,18.6,17.85,18.559999,9484100,18.060816,2016-11-07
18.309999,18.690001,18.27,18.4,6010800,17.905117,2016-11-08
17.610001,18.51,17.549999,17.969999,10844400,17.486683,2016-11-09
18.200001,18.219999,16.76,17.360001,16368200,16.893087,2016-11-10
17,17.5,16.209999,17,27885600,16.542772,2016-11-11
16.5,16.82,16.200001,16.75,25257500,16.299498,2016-11-14
16.75,17.049999,16.42,16.76,21047800,16.309225,2016-11-16
16.940001,16.950001,16.309999,16.459999,10058300,16.017294,2016-11-17
16.459999,16.67,16.27,16.559999,12862300,16.114607,2016-11-18
16.700001,16.719999,16.280001,16.450001,11104400,16.007565,2016-11-21
16.629999,16.74,16.24,16.49,10117600,16.126966,2016-11-22
16.5,16.5,16.15,16.299999,6833500,15.941149,2016-11-23
16.25,16.52,16,16.34,6862600,15.980268,2016-11-24
16.059999,16.51,16.059999,16.42,4153600,16.058508,2016-11-25
16.4,16.690001,16.4,16.66,6979300,16.293224,2016-11-28
16.5,16.65,16.469999,16.49,5604300,16.126966,2016-11-29
16.58,16.879999,16.4,16.610001,11457300,16.244326,2016-11-30
15.72,15.72,15.72,15.72,17332400,15.373919,2016-12-01
15.45,16.17,15.31,16,13408400,15.647755,2016-12-02
16.09,16.120001,15.56,15.64,9673000,15.295681,2016-12-05
15.51,16.15,15.39,16.040001,12542600,15.686875,2016-12-06
16.139999,16.360001,15.96,16.24,8610400,15.882471,2016-12-07
16.35,16.43,16.01,16.129999,8426100,15.774892,2016-12-08
16.24,16.24,15.67,15.74,10637800,15.393478,2016-12-09
15.41,15.68,15.33,15.47,7469900,15.129423,2016-12-12
15.47,15.74,15.47,15.72,8986700,15.373919,2016-12-13
15.7,15.7,15.14,15.2,13146500,14.865367,2016-12-14
15.06,15.28,14.94,15,19041200,14.66977,2016-12-15
15.05,15.58,15.02,15.38,11102800,15.041404,2016-12-16
15.5,15.8,15.39,15.51,11624600,15.168542,2016-12-19
15.7,15.88,15.42,15.65,6338600,15.30546,2016-12-20
15.74,15.74,15.35,15.58,4893800,15.237,2016-12-21
15.31,15.45,15.07,15.3,9561600,15.163553,2016-12-22
15.4,15.97,15.26,15.74,8632400,15.599627,2016-12-23
15.87,15.96,15.81,15.88,1717300,15.73838,2016-12-26
15.99,16.190001,15.89,16.1,6142500,15.956419,2016-12-27
16.02,16.700001,16.02,16.5,8965500,16.352852,2016-12-28
16.5,16.74,16.42,16.5,15651500,16.352852,2016-12-29
16.5,16.5,16.15,16.280001,2806500,16.134813,2017-01-02
16.35,17.040001,16.35,16.950001,14568200,16.79884,2017-01-03
16.9,17.27,16.75,17.27,9410800,17.115984,2017-01-04
17.280001,17.290001,16.969999,17.059999,11765900,16.907856,2017-01-05
17.059999,17.1,16.67,17.049999,12561100,16.897947,2017-01-06
17.08,17.25,16.92,17.049999,13022300,16.897947,2017-01-09
17.24,17.58,17.030001,17.370001,11583400,17.215092,2017-01-10
17.5,17.67,17.379999,17.450001,9140200,17.294378,2017-01-11
18.16,18.33,17.84,17.91,22120800,17.750277,2017-01-12
17.82,17.98,17.74,17.879999,10647300,17.720543,2017-01-13
17.879999,17.93,17.58,17.77,5364500,17.611526,2017-01-16
17.809999,18.08,17.6,17.879999,9827000,17.720543,2017-01-17
17.969999,17.969999,17.58,17.75,10604800,17.591703,2017-01-18
17.709999,17.889999,17.629999,17.85,8303800,17.690811,2017-01-19
17.9,18.43,17.719999,18.219999,12215200,18.05751,2017-01-20
18.1,18.639999,18,18.540001,12733800,18.374659,2017-01-23
18.51,18.549999,17.85,18.110001,51401900,17.948494,2017-01-24
18.110001,18.52,18.040001,18.299999,11428000,18.136797,2017-01-26
18.33,18.559999,18.190001,18.370001,6262700,18.206175,2017-01-27
18.190001,18.27,17.940001,18.190001,6925700,18.027781,2017-01-30
18.23,18.68,18.08,18.49,8089300,18.325104,2017-01-31
18.6,18.780001,18.370001,18.540001,7162800,18.374659,2017-02-01
18.370001,18.67,18.280001,18.549999,4923400,18.384567,2017-02-02
18.559999,18.92,18.469999,18.709999,7596100,18.54314,2017-02-03
18.9,18.969999,18.6,18.66,6078400,18.493587,2017-02-06
18.809999,18.959999,18.629999,18.76,5460300,18.592697,2017-02-07
18.83,18.950001,18.58,18.84,10358400,18.671984,2017-02-08
18.940001,18.950001,18.610001,18.780001,5627600,18.612518,2017-02-09
18.76,18.9,18.610001,18.799999,7441800,18.632339,2017-02-10
18.799999,19,18.65,18.9,7101000,18.731447,2017-02-13
18.9,18.950001,18.77,18.809999,7489300,18.642248,2017-02-14
18.98,19.59,18.84,19.559999,31928000,19.385561,2017-02-15
19.57,20.26,19.48,19.58,14519500,19.405384,2017-02-16
19.469999,19.84,19.209999,19.700001,9403900,19.524313,2017-02-17
19.84,19.879999,19.41,19.5,5851900,19.326096,2017-02-20
19.6,20,19.52,20,6140600,19.821638,2017-02-21
19.790001,20.190001,19.73,20.030001,6915400,19.85137,2017-02-22
20.1,20.43,19.219999,19.51,11167600,19.336008,2017-02-23
19.299999,19.450001,18.700001,19.02,6388700,18.850378,2017-02-24
19.02,19.57,19.02,19.1,8607100,18.929665,2017-03-01
19.02,19.129999,18.459999,18.700001,7607500,18.533232,2017-03-02
18.75,18.93,18.68,18.799999,8139600,18.632339,2017-03-03
18.719999,18.99,18.559999,18.68,8871100,18.513409,2017-03-06
18.620001,18.889999,18.42,18.469999,4912900,18.305281,2017-03-07
18.48,18.549999,18,18.33,6200500,18.166531,2017-03-08
18.059999,18.48,18.02,18.200001,8824800,18.037689,2017-03-09
18.309999,18.75,18.309999,18.690001,7500800,18.523321,2017-03-10
18.790001,18.98,18.610001,18.91,5109800,18.741358,2017-03-13
18.790001,19.09,18.68,18.799999,7444700,18.632339,2017-03-14
18.879999,19.299999,18.309999,19.280001,14956400,19.108059,2017-03-15
19.139999,19.280001,18.32,18.32,19131000,18.15662,2017-03-16
18.450001,18.620001,17.959999,18.209999,20634200,18.047602,2017-03-17
18.1,18.65,17.99,18.41,7850400,18.245817,2017-03-20
18.42,18.459999,17.82,18.370001,11242900,18.206175,2017-03-21
18.299999,19.67,18.030001,18.940001,24871800,18.771091,2017-03-22
18.74,18.959999,18.299999,18.700001,38882600,18.533232,2017-03-23
18.690001,18.799999,18.549999,18.709999,16551100,18.54314,2017-03-24
18.52,18.709999,18.190001,18.68,11912500,18.513409,2017-03-27
18.68,18.969999,18.530001,18.67,21996700,18.503498,2017-03-28
NA,NA,NA,NA,NA,NA,2017-03-29
19.5,19.74,19.23,19.389999,12035300,19.217077,2017-03-30
19.4,19.48,18.940001,19.290001,10064400,19.11797,2017-03-31
19.379999,19.65,19.26,19.450001,10497900,19.276545,2017-04-03
19.450001,19.75,19.41,19.690001,7197100,19.514404,2017-04-04
19.709999,19.950001,19.299999,19.48,12062300,19.306274,2017-04-05
19.389999,19.5,18.93,19.15,10426600,18.979218,2017-04-06
18.98,19.67,18.969999,19.459999,7773400,19.286451,2017-04-07
19.469999,19.58,19.129999,19.309999,14206500,19.137791,2017-04-10
19.549999,19.549999,18.9,19.139999,13861400,18.969305,2017-04-11
19.09,19.389999,18.98,19.059999,12252800,18.890022,2017-04-12
19.030001,19.16,18.51,18.51,13720800,18.344925,2017-04-13
18.51,19.549999,18.51,19.549999,21400800,19.37565,2017-04-17
19.389999,19.82,19.23,19.700001,14328200,19.524313,2017-04-18
19.799999,19.83,19.129999,19.309999,13071700,19.137791,2017-04-19
19.41,19.540001,18.950001,19.15,6541000,18.979218,2017-04-20
19.15,19.57,18.950001,19.02,40786500,18.850378,2017-04-24
19.02,19.200001,18.719999,19.16,10085100,18.989126,2017-04-25
19.18,19.190001,18.92,19.09,7558000,18.919752,2017-04-26
19.17,19.200001,18.82,18.950001,10912900,18.781002,2017-04-27
18.959999,19.049999,18.790001,19.01,9085400,18.840467,2017-04-28
19.01,19.610001,19.01,19.549999,11624600,19.37565,2017-05-02
19.549999,19.67,19.43,19.51,5137800,19.336008,2017-05-03
19.51,19.57,19.129999,19.299999,10123700,19.12788,2017-05-04
19.32,19.49,19.32,19.450001,4491100,19.276545,2017-05-05
19.450001,19.549999,19.25,19.4,3760000,19.226986,2017-05-08
19.459999,19.690001,19.41,19.48,7039400,19.306274,2017-05-09
19.75,20.08,19.73,19.91,10421700,19.732439,2017-05-10
19.940001,20.17,19.84,20.01,5977700,19.831547,2017-05-11
20.1,20.280001,19.799999,20.139999,11487900,19.960388,2017-05-12
20.290001,20.43,20.030001,20.379999,7074300,20.198246,2017-05-15
20.469999,20.790001,20.25,20.639999,11384800,20.455929,2017-05-16
20.48,20.719999,20.25,20.5,9201600,20.317179,2017-05-17
16.4,19.68,16.16,18.77,50886000,18.602608,2017-05-18
19.1,19.360001,18.58,19.15,21507400,18.979218,2017-05-19
18.700001,18.790001,17.98,18.51,21547700,18.344925,2017-05-22
18.52,18.73,18.280001,18.59,12400300,18.493023,2017-05-23
18.940001,19.42,18.68,18.799999,8172100,18.701927,2017-05-24
18.790001,19,18.42,18.530001,12247700,18.433334,2017-05-25
18.719999,19.17,18.6,19.120001,9379100,19.020258,2017-05-26
19.120001,19.120001,19.120001,19.120001,0,19.020258,2017-05-29
19,19.190001,18.85,18.940001,3117800,18.841198,2017-05-30
18.99,19.139999,18.42,18.42,14959800,18.32391,2017-05-31
18.549999,18.860001,18.450001,18.540001,7221800,18.443285,2017-06-01
18.620001,18.92,18.559999,18.65,4620900,18.55271,2017-06-02
18.59,18.84,18.51,18.65,4553100,18.55271,2017-06-05
18.58,18.73,18.42,18.549999,8874600,18.45323,2017-06-06
18.65,18.82,18.530001,18.76,7435400,18.662136,2017-06-07
18.73,18.74,18.43,18.59,4158000,18.493023,2017-06-08
18.700001,18.870001,18.440001,18.549999,6524700,18.45323,2017-06-09
18.559999,18.639999,18.24,18.43,5985700,18.333857,2017-06-12
18.5,18.700001,18.440001,18.549999,5616500,18.45323,2017-06-13
18.82,18.969999,18.43,18.780001,10347100,18.682032,2017-06-14
18.780001,18.780001,18.780001,18.780001,0,18.682032,2017-06-15
18.6,18.950001,18.58,18.93,8809100,18.831249,2017-06-16
18.959999,19.450001,18.9,19.280001,7798900,19.179422,2017-06-19
19.18,19.309999,18.73,18.82,8892700,18.721823,2017-06-20
18.91,19.26,18.799999,19.1,6782200,19.000362,2017-06-21
19.209999,19.219999,18.83,18.98,7059100,18.880987,2017-06-22
18.98,19.07,18.82,18.860001,3794100,18.761614,2017-06-23
19.030001,19.450001,18.969999,19.389999,10299900,19.288849,2017-06-26
19.389999,19.440001,19.15,19.25,5400200,19.14958,2017-06-27
19.299999,19.450001,19.16,19.42,4742700,19.318693,2017-06-28
19.5,19.620001,19.360001,19.530001,5212600,19.42812,2017-06-29
19.530001,19.870001,19.530001,19.75,6236700,19.646971,2017-06-30
19.75,19.879999,19.57,19.860001,3573200,19.756399,2017-07-03
19.83,19.879999,19.65,19.84,1927400,19.736502,2017-07-04
19.809999,20.110001,19.6,19.82,7006300,19.716606,2017-07-05
19.83,19.950001,19.33,19.5,8901600,19.398273,2017-07-06
19.700001,19.76,19.24,19.309999,4942600,19.209265,2017-07-07
19.549999,19.559999,19.24,19.469999,5186900,19.368431,2017-07-10
19.459999,19.83,19.309999,19.700001,5979300,19.597233,2017-07-11
19.99,20.23,19.639999,20.139999,11954600,20.034937,2017-07-12
20.18,20.459999,20.15,20.450001,5537100,20.343321,2017-07-13
20.450001,20.59,20.42,20.530001,8782900,20.422903,2017-07-14
20.52,20.700001,20.43,20.67,7345700,20.562172,2017-07-17
20.66,20.67,20.41,20.57,6639400,20.462694,2017-07-18
20.559999,20.690001,20.43,20.620001,4586700,20.512434,2017-07-19
20.57,20.85,20.57,20.780001,4901700,20.671598,2017-07-20
20.709999,20.91,20.6,20.799999,9930000,20.691492,2017-07-21
20.780001,21,20.700001,21,6173400,20.89045,2017-07-24
21,21.1,20.76,20.85,10710900,20.741234,2017-07-25
20.799999,20.9,20.49,20.709999,7000700,20.601963,2017-07-26
20.85,21.02,20.610001,20.719999,6690200,20.61191,2017-07-27
20.700001,20.790001,20.440001,20.700001,5308500,20.592016,2017-07-28
20.76,20.9,20.280001,20.49,7903400,20.38311,2017-07-31
20.48,21,20.41,20.9,7470100,20.790972,2017-08-01
20.799999,21.200001,20.790001,21.08,5787900,20.970032,2017-08-02
21.120001,21.18,20.790001,21.15,9944400,21.039667,2017-08-03
21.18,21.24,21.040001,21.059999,6201900,20.950136,2017-08-04
21.139999,21.719999,21,21.5,7390500,21.387842,2017-08-07
21.5,21.57,21.15,21.33,11235400,21.218729,2017-08-08
21.16,21.290001,20.969999,21.27,5445400,21.159042,2017-08-09
21.02,21.200001,20.860001,21.1,10930300,20.989929,2017-08-10
21.059999,21.290001,20.9,21.1,5465300,20.989929,2017-08-11
21.290001,21.860001,21.110001,21.450001,8135900,21.338104,2017-08-14
21.540001,21.799999,21.48,21.75,9756300,21.636539,2017-08-15
21.799999,21.83,21.280001,21.57,8989500,21.457476,2017-08-16
21.5,21.809999,21.26,21.41,4758800,21.298311,2017-08-17
21.4,21.9,21.290001,21.889999,11429600,21.775808,2017-08-18
21.879999,22.200001,21.809999,21.91,5838000,21.795702,2017-08-21
22.15,22.690001,22.15,22.549999,10085300,22.473415,2017-08-22
22.65,22.98,22.5,22.84,7541100,22.762432,2017-08-23
22.940001,22.940001,22.459999,22.58,6895300,22.503315,2017-08-24
22.559999,22.73,22.110001,22.33,7562700,22.254164,2017-08-25
22.27,22.540001,22.16,22.34,5654500,22.26413,2017-08-28
22.26,22.6,22.17,22.540001,5726500,22.463451,2017-08-29
22.559999,22.58,22.129999,22.360001,3832200,22.284063,2017-08-30
22.360001,22.389999,21.93,22.120001,11423500,22.044878,2017-08-31
22.309999,22.74,22.26,22.530001,5704300,22.453485,2017-09-01
22.4,22.620001,22.360001,22.549999,2481700,22.473415,2017-09-04
22.75,22.969999,22.52,22.6,8723000,22.523247,2017-09-05
22.809999,22.98,22.639999,22.76,8204300,22.682703,2017-09-06
22.76,22.76,22.76,22.76,0,22.682703,2017-09-07
22.799999,23.02,22.629999,22.940001,6058100,22.862093,2017-09-08
23.059999,23.25,22.969999,22.969999,12894100,22.891989,2017-09-11
22.959999,23.08,22.75,22.9,11610600,22.822227,2017-09-12
22.950001,23.059999,22.559999,22.9,20106100,22.822227,2017-09-13
22.889999,23.5,22.799999,23.370001,12745700,23.290632,2017-09-14
23.5,24,23.280001,23.629999,17198200,23.549747,2017-09-15
23.73,24.040001,23.459999,23.780001,6881200,23.69924,2017-09-18
23.85,24.309999,23.66,24.27,6575000,24.187576,2017-09-19
24.389999,24.85,24.35,24.790001,14555000,24.705811,2017-09-20
24.84,24.98,24.65,24.98,7242400,24.895164,2017-09-21
24.65,25.09,24.52,24.99,9385800,24.90513,2017-09-22
24.889999,24.889999,23.959999,24.32,10574400,24.237406,2017-09-25
24.370001,24.549999,24.02,24.02,6819000,23.938425,2017-09-26
24.049999,24.26,23.52,23.65,7254400,23.569681,2017-09-27
23.74,23.82,23.27,23.43,7303000,23.350428,2017-09-28
23.6,23.959999,23.450001,23.950001,5709600,23.868664,2017-09-29
24.059999,24.17,23.67,23.93,3855100,23.84873,2017-10-02
24,24.52,23.73,24.469999,10161300,24.386896,2017-10-03
24.49,24.68,24.030001,24.23,6750000,24.147711,2017-10-04
24.440001,24.559999,23.74,23.9,15995500,23.818832,2017-10-05
23.74,23.85,23.530001,23.75,5960400,23.669342,2017-10-06
23.780001,23.82,23.450001,23.59,3724800,23.509886,2017-10-09
23.9,23.99,23.6,23.92,10385600,23.838764,2017-10-10
24.200001,24.200001,23.860001,24.040001,6790800,23.958357,2017-10-11
24.040001,24.040001,24.040001,24.040001,0,23.958357,2017-10-12
24.18,24.18,23.620001,23.76,9579400,23.679308,2017-10-13
23.870001,23.969999,23.66,23.84,8429000,23.759035,2017-10-16
23.9,24.07,23.27,23.940001,7321300,23.858696,2017-10-17
24.049999,24.629999,23.85,24.540001,9962700,24.456659,2017-10-18
24.299999,24.5,24.110001,24.450001,4833300,24.366964,2017-10-19
24.42,24.74,24.4,24.639999,5524900,24.556318,2017-10-20
24.67,24.67,24.290001,24.379999,11124000,24.297201,2017-10-23
24.48,24.700001,24.379999,24.5,7734500,24.416794,2017-10-24
24.6,25.280001,24.530001,25.25,18187600,25.164248,2017-10-25
25.299999,25.799999,24.809999,24.959999,6326800,24.875231,2017-10-26
25.040001,25.440001,24.879999,25.09,5015200,25.004791,2017-10-27
25.059999,25.1,24,24.290001,8184400,24.207508,2017-10-30
24.360001,24.469999,23.780001,23.9,7265700,23.818832,2017-10-31
24.09,24.299999,23.75,23.879999,4625400,23.798899,2017-11-01
23.879999,23.879999,23.879999,23.879999,0,23.798899,2017-11-02
23.92,24.18,23.139999,23.34,11623400,23.260735,2017-11-03
23.42,23.700001,23.24,23.35,7888200,23.2707,2017-11-06
23.209999,23.290001,22.530001,22.6,12025000,22.523247,2017-11-07
22.629999,23.57,22.459999,23.219999,11502300,23.14114,2017-11-08
23.17,23.25,22.68,22.83,7570400,22.752466,2017-11-09
22.950001,22.950001,22.4,22.4,7121100,22.323925,2017-11-10
22.700001,22.700001,22.700001,22.700001,10556600,22.622908,2017-11-13
22.700001,22.93,22.26,22.33,9052100,22.254164,2017-11-14
22.33,22.33,22.33,22.33,0,22.254164,2017-11-15
22.280001,23.690001,22.280001,23.51,13306500,23.430157,2017-11-16
23.389999,23.93,23.24,23.68,7008800,23.599579,2017-11-17
23.68,23.68,23.68,23.68,0,23.599579,2017-11-20
23.870001,24.51,23.83,24.280001,13880900,24.197542,2017-11-21
24.209999,24.59,24.209999,24.49,12842900,24.49,2017-11-22
24.4,24.629999,24.059999,24.469999,2784700,24.469999,2017-11-23
